V,0,56541280707477,1000000000,15:42:21:16.842,0
A,0,56541280707477,1000000000,15:42:21:16.842,0
D,0,56541280707478,1000000000,15:42:21:16.842,0
V,1,56541297379397,1000000000,15:42:21:17.842,0
V,2,56541314047136,1000000000,15:42:21:18.842,0
D,1,56541314047137,1000000000,15:42:21:18.842,0
V,3,56541330714501,1000000000,15:42:21:19.842,0
V,4,56541347384725,1000000000,15:42:21:20.843,0
D,2,56541347384725,1000000000,15:42:21:20.843,0
V,5,56541364052384,1000000000,15:42:21:21.843,0
V,6,56541380720677,1000000000,15:42:21:22.843,0
D,3,56541380720677,1000000000,15:42:21:22.843,0
V,7,56541397389972,1000000000,15:42:21:23.843,0
V,8,56541414047599,1000000000,15:42:21:24.842,0
D,4,56541414047599,1000000000,15:42:21:24.842,0
V,9,56541430715047,1000000000,15:42:21:25.842,0
V,10,56541447373926,1000000000,15:42:21:26.842,0
D,5,56541447373926,1000000000,15:42:21:26.842,0
V,11,56541464051430,1000000000,15:42:21:27.843,0
V,12,56541480722598,1000000000,15:42:21:28.843,0
D,6,56541480722597,1000000000,15:42:21:28.843,0
V,13,56541497390171,1000000000,15:42:21:29.843,0
V,14,56541514057020,1000000000,15:42:21:30.843,0
D,7,56541514057020,1000000000,15:42:21:30.843,0
V,15,56541530724593,1000000000,15:42:21:31.843,0
V,16,56541547387930,1000000000,15:42:21:32.843,0
D,8,56541547387930,1000000000,15:42:21:32.843,0
V,17,56541564056432,1000000000,15:42:21:33.843,0
V,18,56541580722102,1000000000,15:42:21:34.843,0
D,9,56541580722102,1000000000,15:42:21:34.843,0
V,19,56541597389633,1000000000,15:42:21:35.843,0
V,20,56541614065053,1000000000,15:42:21:36.843,0
D,10,56541614065053,1000000000,15:42:21:36.843,0
V,21,56541630719139,1000000000,15:42:21:37.843,0
V,22,56541647398725,1000000000,15:42:21:38.843,0
D,11,56541647398725,1000000000,15:42:21:38.843,0
V,23,56541664066341,1000000000,15:42:21:39.843,0
V,24,56541680738343,1000000000,15:42:21:40.844,0
D,12,56541680738343,1000000000,15:42:21:40.844,0
V,25,56541697390387,1000000000,15:42:21:41.843,0
V,26,56541714063765,1000000000,15:42:21:42.843,0
D,13,56541714063765,1000000000,15:42:21:42.843,0
V,27,56541730720810,1000000000,15:42:21:43.843,0
V,28,56541747406646,1000000000,15:42:21:44.844,0
D,14,56541747406647,1000000000,15:42:21:44.844,0
V,29,56541764074261,1000000000,15:42:21:45.844,0
V,30,56541780735597,1000000000,15:42:21:46.844,0
D,15,56541780735597,1000000000,15:42:21:46.844,0
V,31,56541797410224,1000000000,15:42:21:47.844,0
V,32,56541814074644,1000000000,15:42:21:48.844,0
D,16,56541814074643,1000000000,15:42:21:48.844,0
V,33,56541830742176,1000000000,15:42:21:49.844,0
V,34,56541847394429,1000000000,15:42:21:50.843,0
D,17,56541847394428,1000000000,15:42:21:50.843,0
V,35,56541864068098,1000000000,15:42:21:51.844,0
V,36,56541880729099,1000000000,15:42:21:52.843,0
D,18,56541880729100,1000000000,15:42:21:52.843,0
V,37,56541897396715,1000000000,15:42:21:53.843,0
V,38,56541914081552,1000000000,15:42:21:54.844,0
D,19,56541914081552,1000000000,15:42:21:54.844,0
V,39,56541930738263,1000000000,15:42:21:55.844,0
V,40,56541947399140,1000000000,15:42:21:56.843,0
D,20,56541947399140,1000000000,15:42:21:56.843,0
V,41,56541964066839,1000000000,15:42:21:57.844,0
V,42,56541980739673,1000000000,15:42:21:58.844,0
D,21,56541980739673,1000000000,15:42:21:58.844,0
V,43,56541997412844,1000000000,15:42:21:59.844,0
V,44,56542014069179,1000000000,15:42:22:00.844,0
D,22,56542014069180,1000000000,15:42:22:00.844,0
V,45,56542030738516,1000000000,15:42:22:01.844,0
V,46,56542047416227,1000000000,15:42:22:02.844,0
D,23,56542047416227,1000000000,15:42:22:02.844,0
V,47,56542064083717,1000000000,15:42:22:03.845,0
V,48,56542080747888,1000000000,15:42:22:04.844,0
D,24,56542080747888,1000000000,15:42:22:04.844,0
V,49,56542097409681,1000000000,15:42:22:05.844,0
V,50,56542114084350,1000000000,15:42:22:06.845,0
D,25,56542114084350,1000000000,15:42:22:06.845,0
V,51,56542130751923,1000000000,15:42:22:07.845,0
V,52,56542147418719,1000000000,15:42:22:08.845,0
D,26,56542147418718,1000000000,15:42:22:08.845,0
V,53,56542164083679,1000000000,15:42:22:09.845,0
V,54,56542180751766,1000000000,15:42:22:10.845,0
D,27,56542180751765,1000000000,15:42:22:10.845,0
V,55,56542197419340,1000000000,15:42:22:11.845,0
V,56,56542214085509,1000000000,15:42:22:12.845,0
D,28,56542214085509,1000000000,15:42:22:12.845,0
V,57,56542230752386,1000000000,15:42:22:13.845,0
V,58,56542247417180,1000000000,15:42:22:14.845,0
D,29,56542247417180,1000000000,15:42:22:14.845,0
V,59,56542264092390,1000000000,15:42:22:15.845,0
V,60,56542280768519,1000000000,15:42:22:16.846,0
D,30,56542280768519,1000000000,15:42:22:16.846,0
V,61,56542297436093,1000000000,15:42:22:17.846,0
V,62,56542314093513,1000000000,15:42:22:18.845,0
D,31,56542314093512,1000000000,15:42:22:18.845,0
V,63,56542330758765,1000000000,15:42:22:19.845,0
V,64,56542347430602,1000000000,15:42:22:20.845,0
D,32,56542347430602,1000000000,15:42:22:20.845,0
V,65,56542364098176,1000000000,15:42:22:21.845,0
V,66,56542380775593,1000000000,15:42:22:22.846,0
D,33,56542380775594,1000000000,15:42:22:22.846,0
V,67,56542397427012,1000000000,15:42:22:23.845,0
V,68,56542414104600,1000000000,15:42:22:24.846,0
D,34,56542414104600,1000000000,15:42:22:24.846,0
V,69,56542430772257,1000000000,15:42:22:25.846,0
V,70,56542447431801,1000000000,15:42:22:26.845,0
D,35,56542447431801,1000000000,15:42:22:26.845,0
V,71,56542464100886,1000000000,15:42:22:27.846,0
V,72,56542480775807,1000000000,15:42:22:28.846,0
D,36,56542480775807,1000000000,15:42:22:28.846,0
V,73,56542497437350,1000000000,15:42:22:29.846,0
V,74,56542514104841,1000000000,15:42:22:30.846,0
D,37,56542514104841,1000000000,15:42:22:30.846,0
V,75,56542530782093,1000000000,15:42:22:31.846,0
V,76,56542547438429,1000000000,15:42:22:32.846,0
D,38,56542547438429,1000000000,15:42:22:32.846,0
V,77,56542564105837,1000000000,15:42:22:33.846,0
V,78,56542580765684,1000000000,15:42:22:34.845,0
D,39,56542580765685,1000000000,15:42:22:34.845,0
V,79,56542597433134,1000000000,15:42:22:35.845,0
V,80,56542614106679,1000000000,15:42:22:36.846,0
D,40,56542614106679,1000000000,15:42:22:36.846,0
V,81,56542630786764,1000000000,15:42:22:37.847,0
V,82,56542647447849,1000000000,15:42:22:38.846,0
D,41,56542647447849,1000000000,15:42:22:38.846,0
V,83,56542664115591,1000000000,15:42:22:39.846,0
V,84,56542680787968,1000000000,15:42:22:40.847,0
D,42,56542680787968,1000000000,15:42:22:40.847,0
V,85,56542697457554,1000000000,15:42:22:41.847,0
V,86,56542714123806,1000000000,15:42:22:42.847,0
D,43,56542714123806,1000000000,15:42:22:42.847,0
V,87,56542730791297,1000000000,15:42:22:43.847,0
V,88,56542747445133,1000000000,15:42:22:44.846,0
D,44,56542747445133,1000000000,15:42:22:44.846,0
V,89,56542764111094,1000000000,15:42:22:45.846,0
V,90,56542780791388,1000000000,15:42:22:46.847,0
D,45,56542780791389,1000000000,15:42:22:46.847,0
V,91,56542797449473,1000000000,15:42:22:47.846,0
V,92,56542814116017,1000000000,15:42:22:48.846,0
D,46,56542814116017,1000000000,15:42:22:48.846,0
V,93,56542830783551,1000000000,15:42:22:49.847,0
V,94,56542847456137,1000000000,15:42:22:50.847,0
D,47,56542847456136,1000000000,15:42:22:50.847,0
V,95,56542864120056,1000000000,15:42:22:51.847,0
V,96,56542880797975,1000000000,15:42:22:52.847,0
D,48,56542880797974,1000000000,15:42:22:52.847,0
V,97,56542897465384,1000000000,15:42:22:53.847,0
V,98,56542914124844,1000000000,15:42:22:54.847,0
D,49,56542914124845,1000000000,15:42:22:54.847,0
V,99,56542930787470,1000000000,15:42:22:55.847,0
V,100,56542947462890,1000000000,15:42:22:56.847,0
D,50,56542947462890,1000000000,15:42:22:56.847,0
V,101,56542964130297,1000000000,15:42:22:57.847,0
V,102,56542980796259,1000000000,15:42:22:58.847,0
D,51,56542980796259,1000000000,15:42:22:58.847,0
V,103,56542997457719,1000000000,15:42:22:59.847,0
V,104,56543014124430,1000000000,15:42:23:00.847,0
D,52,56543014124430,1000000000,15:42:23:00.847,0
V,105,56543030797850,1000000000,15:42:23:01.847,0
V,106,56543047462477,1000000000,15:42:23:02.847,0
D,53,56543047462477,1000000000,15:42:23:02.847,0
V,107,56543064130051,1000000000,15:42:23:03.847,0
V,108,56543080802179,1000000000,15:42:23:04.848,0
D,54,56543080802179,1000000000,15:42:23:04.848,0
V,109,56543097473848,1000000000,15:42:23:05.848,0
V,110,56543114137268,1000000000,15:42:23:06.848,0
D,55,56543114137268,1000000000,15:42:23:06.848,0
V,111,56543130804843,1000000000,15:42:23:07.848,0
V,112,56543147481928,1000000000,15:42:23:08.848,0
D,56,56543147481927,1000000000,15:42:23:08.848,0
V,113,56543164140305,1000000000,15:42:23:09.848,0
V,114,56543180813767,1000000000,15:42:23:10.848,0
D,57,56543180813766,1000000000,15:42:23:10.848,0
V,115,56543197481174,1000000000,15:42:23:11.848,0
V,116,56543214145093,1000000000,15:42:23:12.848,0
D,58,56543214145094,1000000000,15:42:23:12.848,0
V,117,56543230801927,1000000000,15:42:23:13.848,0
V,118,56543247472639,1000000000,15:42:23:14.848,0
D,59,56543247472639,1000000000,15:42:23:14.848,0
V,119,56543264140214,1000000000,15:42:23:15.848,0
V,120,56543280820967,1000000000,15:42:23:16.849,0
D,60,56543280820966,1000000000,15:42:23:16.849,0
V,121,56543297479260,1000000000,15:42:23:17.848,0
V,122,56543314142804,1000000000,15:42:23:18.848,0
D,61,56543314142804,1000000000,15:42:23:18.848,0
V,123,56543330810421,1000000000,15:42:23:19.848,0
V,124,56543347489059,1000000000,15:42:23:20.849,0
D,62,56543347489059,1000000000,15:42:23:20.849,0
V,125,56543364156425,1000000000,15:42:23:21.849,0
V,126,56543380820219,1000000000,15:42:23:22.849,0
D,63,56543380820220,1000000000,15:42:23:22.849,0
V,127,56543397485722,1000000000,15:42:23:23.849,0
V,128,56543414144850,1000000000,15:42:23:24.848,0
D,64,56543414144849,1000000000,15:42:23:24.848,0
V,129,56543430812215,1000000000,15:42:23:25.848,0
V,130,56543447486426,1000000000,15:42:23:26.849,0
D,65,56543447486426,1000000000,15:42:23:26.849,0
V,131,56543464155762,1000000000,15:42:23:27.849,0
V,132,56543480815765,1000000000,15:42:23:28.848,0
D,66,56543480815765,1000000000,15:42:23:28.848,0
V,133,56543497483215,1000000000,15:42:23:29.848,0
V,134,56543514150007,1000000000,15:42:23:30.849,0
D,67,56543514150008,1000000000,15:42:23:30.849,0
V,135,56543530830053,1000000000,15:42:23:31.849,0
V,136,56543547501012,1000000000,15:42:23:32.850,0
D,68,56543547501012,1000000000,15:42:23:32.850,0
V,137,56543564168589,1000000000,15:42:23:33.850,0
V,138,56543580827601,1000000000,15:42:23:34.849,0
D,69,56543580827601,1000000000,15:42:23:34.849,0
V,139,56543597495219,1000000000,15:42:23:35.849,0
V,140,56543614160804,1000000000,15:42:23:36.849,0
D,70,56543614160804,1000000000,15:42:23:36.849,0
V,141,56543630821555,1000000000,15:42:23:37.849,0
V,142,56543647493934,1000000000,15:42:23:38.849,0
D,71,56543647493935,1000000000,15:42:23:38.849,0
V,143,56543664161384,1000000000,15:42:23:39.849,0
V,144,56543680834637,1000000000,15:42:23:40.850,0
D,72,56543680834636,1000000000,15:42:23:40.850,0
V,145,56543697496346,1000000000,15:42:23:41.849,0
V,146,56543714175431,1000000000,15:42:23:42.850,0
D,73,56543714175433,1000000000,15:42:23:42.850,0
V,147,56543730842966,1000000000,15:42:23:43.850,0
V,148,56543747501675,1000000000,15:42:23:44.850,0
D,74,56543747501676,1000000000,15:42:23:44.850,0
V,149,56543764161887,1000000000,15:42:23:45.849,0
V,150,56543780829057,1000000000,15:42:23:46.849,0
D,75,56543780829057,1000000000,15:42:23:46.849,0
V,151,56543797496713,1000000000,15:42:23:47.849,0
V,152,56543814170259,1000000000,15:42:23:48.850,0
D,76,56543814170258,1000000000,15:42:23:48.850,0
V,153,56543830838803,1000000000,15:42:23:49.850,0
V,154,56543847504556,1000000000,15:42:23:50.850,0
D,77,56543847504555,1000000000,15:42:23:50.850,0
V,155,56543864181640,1000000000,15:42:23:51.850,0
V,156,56543880839684,1000000000,15:42:23:52.850,0
D,78,56543880839684,1000000000,15:42:23:52.850,0
V,157,56543897507092,1000000000,15:42:23:53.850,0
V,158,56543914183804,1000000000,15:42:23:54.851,0
D,79,56543914183803,1000000000,15:42:23:54.851,0
V,159,56543930851378,1000000000,15:42:23:55.851,0
V,160,56543947510224,1000000000,15:42:23:56.850,0
D,80,56543947510224,1000000000,15:42:23:56.850,0
V,161,56543964177841,1000000000,15:42:23:57.850,0
V,162,56543980846344,1000000000,15:42:23:58.850,0
D,81,56543980846343,1000000000,15:42:23:58.850,0
V,163,56543997517679,1000000000,15:42:23:59.851,0
V,164,56544014179973,1000000000,15:42:24:00.850,0
D,82,56544014179973,1000000000,15:42:24:00.850,0
V,165,56544030847508,1000000000,15:42:24:01.850,0
V,166,56544047513759,1000000000,15:42:24:02.850,0
D,83,56544047513759,1000000000,15:42:24:02.850,0
V,167,56544064183304,1000000000,15:42:24:03.850,0
V,168,56544080852889,1000000000,15:42:24:04.851,0
D,84,56544080852889,1000000000,15:42:24:04.851,0
V,169,56544097520380,1000000000,15:42:24:05.851,0
V,170,56544114182715,1000000000,15:42:24:06.850,0
D,85,56544114179809,1000000000,15:42:24:06.850,0
V,171,56544130847467,1000000000,15:42:24:07.850,0
V,172,56544147525970,1000000000,15:42:24:08.851,0
D,86,56544147525970,1000000000,15:42:24:08.851,0
V,173,56544164189308,1000000000,15:42:24:09.851,0
V,174,56544180867306,1000000000,15:42:24:10.852,0
D,87,56544180867307,1000000000,15:42:24:10.852,0
V,175,56544197534925,1000000000,15:42:24:11.852,0
V,176,56544214186677,1000000000,15:42:24:12.851,0
D,88,56544214186677,1000000000,15:42:24:12.851,0
V,177,56544230857804,1000000000,15:42:24:13.851,0
V,178,56544247539931,1000000000,15:42:24:14.852,0
D,89,56544247539930,1000000000,15:42:24:14.852,0
V,179,56544264207506,1000000000,15:42:24:15.852,0
V,180,56544280855300,1000000000,15:42:24:16.851,0
D,90,56544280855300,1000000000,15:42:24:16.851,0
V,181,56544297540886,1000000000,15:42:24:17.852,0
V,182,56544314191721,1000000000,15:42:24:18.851,0
D,91,56544314191721,1000000000,15:42:24:18.851,0
V,183,56544330859129,1000000000,15:42:24:19.851,0
V,184,56544347528923,1000000000,15:42:24:20.851,0
D,92,56544347528923,1000000000,15:42:24:20.851,0
V,185,56544364197760,1000000000,15:42:24:21.851,0
V,186,56544380875303,1000000000,15:42:24:22.852,0
D,93,56544380875303,1000000000,15:42:24:22.852,0
V,187,56544397542795,1000000000,15:42:24:23.852,0
V,188,56544414208808,1000000000,15:42:24:24.852,0
D,94,56544414208808,1000000000,15:42:24:24.852,0
V,189,56544430876300,1000000000,15:42:24:25.852,0
V,190,56544447547302,1000000000,15:42:24:26.852,0
D,95,56544447547302,1000000000,15:42:24:26.852,0
V,191,56544464202929,1000000000,15:42:24:27.852,0
V,192,56544480879057,1000000000,15:42:24:28.852,0
D,96,56544480879057,1000000000,15:42:24:28.852,0
V,193,56544497546715,1000000000,15:42:24:29.852,0
V,194,56544514206134,1000000000,15:42:24:30.852,0
D,97,56544514206134,1000000000,15:42:24:30.852,0
V,195,56544530874387,1000000000,15:42:24:31.852,0
V,196,56544547541139,1000000000,15:42:24:32.852,0
D,98,56544547541139,1000000000,15:42:24:32.852,0
V,197,56544564208589,1000000000,15:42:24:33.852,0
V,198,56544580881383,1000000000,15:42:24:34.852,0
D,99,56544580881383,1000000000,15:42:24:34.852,0
V,199,56544597546261,1000000000,15:42:24:35.852,0
V,200,56544614212221,1000000000,15:42:24:36.852,0
D,100,56544614212221,1000000000,15:42:24:36.852,0
V,201,56544630879880,1000000000,15:42:24:37.852,0
V,202,56544647554433,1000000000,15:42:24:38.853,0
D,101,56544647554433,1000000000,15:42:24:38.853,0
V,203,56544664222010,1000000000,15:42:24:39.853,0
V,204,56544680886720,1000000000,15:42:24:40.853,0
D,102,56544680886720,1000000000,15:42:24:40.853,0
V,205,56544697554097,1000000000,15:42:24:41.853,0
V,206,56544714226099,1000000000,15:42:24:42.853,0
D,103,56544714226099,1000000000,15:42:24:42.853,0
V,207,56544730893676,1000000000,15:42:24:43.853,0
V,208,56544747553843,1000000000,15:42:24:44.853,0
D,104,56544747553844,1000000000,15:42:24:44.853,0
V,209,56544764227012,1000000000,15:42:24:45.853,0
V,210,56544780901931,1000000000,15:42:24:46.854,0
D,105,56544780901931,1000000000,15:42:24:46.854,0
V,211,56544797569589,1000000000,15:42:24:47.854,0
V,212,56544814217676,1000000000,15:42:24:48.853,0
D,106,56544814217676,1000000000,15:42:24:48.853,0
V,213,56544830885928,1000000000,15:42:24:49.853,0
V,214,56544847561055,1000000000,15:42:24:50.853,0
D,107,56544847561056,1000000000,15:42:24:50.853,0
V,215,56544864228506,1000000000,15:42:24:51.853,0
V,216,56544880892174,1000000000,15:42:24:52.853,0
D,108,56544880892175,1000000000,15:42:24:52.853,0
V,217,56544897566177,1000000000,15:42:24:53.853,0
V,218,56544914229096,1000000000,15:42:24:54.853,0
D,109,56544914229096,1000000000,15:42:24:54.853,0
V,219,56544930900516,1000000000,15:42:24:55.854,0
V,220,56544947559266,1000000000,15:42:24:56.853,0
D,110,56544947559266,1000000000,15:42:24:56.853,0
V,221,56544964226925,1000000000,15:42:24:57.853,0
V,222,56544980894844,1000000000,15:42:24:58.853,0
D,111,56544980894844,1000000000,15:42:24:58.853,0
V,223,56544997567514,1000000000,15:42:24:59.854,0
V,224,56545014230349,1000000000,15:42:25:00.853,0
D,112,56545014230349,1000000000,15:42:25:00.853,0
V,225,56545030897882,1000000000,15:42:25:01.853,0
V,226,56545047566802,1000000000,15:42:25:02.854,0
D,113,56545047566802,1000000000,15:42:25:02.854,0
V,227,56545064250345,1000000000,15:42:25:03.855,0
V,228,56545080910430,1000000000,15:42:25:04.854,0
D,114,56545080910430,1000000000,15:42:25:04.854,0
V,229,56545097578089,1000000000,15:42:25:05.854,0
V,230,56545114237966,1000000000,15:42:25:06.854,0
D,115,56545114237967,1000000000,15:42:25:06.854,0
V,231,56545130901470,1000000000,15:42:25:07.854,0
V,232,56545147570222,1000000000,15:42:25:08.854,0
D,116,56545147570222,1000000000,15:42:25:08.854,0
V,233,56545164237754,1000000000,15:42:25:09.854,0
V,234,56545180909893,1000000000,15:42:25:10.854,0
D,117,56545180909893,1000000000,15:42:25:10.854,0
V,235,56545197577301,1000000000,15:42:25:11.854,0
V,236,56545214248261,1000000000,15:42:25:12.854,0
D,118,56545214248262,1000000000,15:42:25:12.854,0
V,237,56545230906222,1000000000,15:42:25:13.854,0
V,238,56545247578933,1000000000,15:42:25:14.854,0
D,119,56545247578933,1000000000,15:42:25:14.854,0
V,239,56545264246467,1000000000,15:42:25:15.854,0
V,240,56545280918594,1000000000,15:42:25:16.855,0
D,120,56545280918594,1000000000,15:42:25:16.855,0
V,241,56545297579220,1000000000,15:42:25:17.854,0
V,242,56545314256431,1000000000,15:42:25:18.855,0
D,121,56545314256431,1000000000,15:42:25:18.855,0
V,243,56545330924089,1000000000,15:42:25:19.855,0
V,244,56545347595592,1000000000,15:42:25:20.855,0
D,122,56545347595592,1000000000,15:42:25:20.855,0
V,245,56545364251512,1000000000,15:42:25:21.855,0
V,246,56545380919555,1000000000,15:42:25:22.855,0
D,123,56545380919555,1000000000,15:42:25:22.855,0
V,247,56545397587214,1000000000,15:42:25:23.855,0
V,248,56545414255382,1000000000,15:42:25:24.855,0
D,124,56545414255382,1000000000,15:42:25:24.855,0
V,249,56545430923469,1000000000,15:42:25:25.855,0
V,250,56545447594512,1000000000,15:42:25:26.855,0
D,125,56545447594512,1000000000,15:42:25:26.855,0
V,251,56545464262045,1000000000,15:42:25:27.855,0
V,252,56545480934392,1000000000,15:42:25:28.856,0
D,126,56545480934392,1000000000,15:42:25:28.856,0
V,253,56545497602051,1000000000,15:42:25:29.856,0
V,254,56545514263427,1000000000,15:42:25:30.855,0
D,127,56545514263427,1000000000,15:42:25:30.855,0
V,255,56545530936554,1000000000,15:42:25:31.856,0
V,256,56545547608515,1000000000,15:42:25:32.856,0
D,128,56545547608515,1000000000,15:42:25:32.856,0
V,257,56545564276132,1000000000,15:42:25:33.856,0
V,258,56545580924593,1000000000,15:42:25:34.855,0
D,129,56545580924594,1000000000,15:42:25:34.855,0
V,259,56545597599095,1000000000,15:42:25:35.855,0
V,260,56545614260597,1000000000,15:42:25:36.855,0
D,130,56545614260597,1000000000,15:42:25:36.855,0
V,261,56545630928047,1000000000,15:42:25:37.855,0
V,262,56545647612842,1000000000,15:42:25:38.856,0
D,131,56545647612842,1000000000,15:42:25:38.856,0
V,263,56545664261134,1000000000,15:42:25:39.855,0
V,264,56545680936679,1000000000,15:42:25:40.856,0
D,132,56545680936679,1000000000,15:42:25:40.856,0
V,265,56545697604338,1000000000,15:42:25:41.856,0
V,266,56545714283558,1000000000,15:42:25:42.857,0
D,133,56545714283558,1000000000,15:42:25:42.857,0
V,267,56545730951175,1000000000,15:42:25:43.857,0
V,268,56545747603594,1000000000,15:42:25:44.856,0
D,134,56545747603594,1000000000,15:42:25:44.856,0
V,269,56545764276389,1000000000,15:42:25:45.856,0
V,270,56545780950556,1000000000,15:42:25:46.857,0
D,135,56545780950556,1000000000,15:42:25:46.857,0
V,271,56545797618090,1000000000,15:42:25:47.857,0
V,272,56545814278427,1000000000,15:42:25:48.856,0
D,136,56545814278428,1000000000,15:42:25:48.856,0
V,273,56545830941930,1000000000,15:42:25:49.856,0
V,274,56545847620097,1000000000,15:42:25:50.857,0
D,137,56545847620097,1000000000,15:42:25:50.857,0
V,275,56545864287548,1000000000,15:42:25:51.857,0
V,276,56545880940885,1000000000,15:42:25:52.856,0
D,138,56545880940885,1000000000,15:42:25:52.856,0
V,277,56545897625303,1000000000,15:42:25:53.857,0
V,278,56545914276140,1000000000,15:42:25:54.856,0
D,139,56545914276139,1000000000,15:42:25:54.856,0
V,279,56545930943713,1000000000,15:42:25:55.856,0
V,280,56545947619717,1000000000,15:42:25:56.857,0
D,140,56545947619717,1000000000,15:42:25:56.857,0
V,281,56545964277885,1000000000,15:42:25:57.856,0
V,282,56545980957221,1000000000,15:42:25:58.857,0
D,141,56545980957221,1000000000,15:42:25:58.857,0
V,283,56545997624713,1000000000,15:42:25:59.857,0
V,284,56546014295393,1000000000,15:42:26:00.857,0
D,142,56546014295393,1000000000,15:42:26:00.857,0
V,285,56546030962759,1000000000,15:42:26:01.857,0
V,286,56546047626261,1000000000,15:42:26:02.857,0
D,143,56546047626261,1000000000,15:42:26:02.857,0
V,287,56546064288055,1000000000,15:42:26:03.857,0
V,288,56546080951849,1000000000,15:42:26:04.857,0
D,144,56546080951850,1000000000,15:42:26:04.857,0
V,289,56546097619590,1000000000,15:42:26:05.857,0
V,290,56546114301885,1000000000,15:42:26:06.858,0
D,145,56546114301885,1000000000,15:42:26:06.858,0
V,291,56546130958012,1000000000,15:42:26:07.857,0
V,292,56546147630056,1000000000,15:42:26:08.857,0
D,146,56546147630056,1000000000,15:42:26:08.857,0
V,293,56546164297672,1000000000,15:42:26:09.857,0
V,294,56546180965801,1000000000,15:42:26:10.857,0
D,147,56546180965800,1000000000,15:42:26:10.857,0
V,295,56546197627719,1000000000,15:42:26:11.857,0
V,296,56546214306056,1000000000,15:42:26:12.858,0
D,148,56546214306055,1000000000,15:42:26:12.858,0
V,297,56546230973630,1000000000,15:42:26:13.858,0
V,298,56546247636936,1000000000,15:42:26:14.858,0
D,149,56546247636936,1000000000,15:42:26:14.858,0
V,299,56546264304510,1000000000,15:42:26:15.858,0
V,300,56546280962678,1000000000,15:42:26:16.857,0
D,150,56546280962678,1000000000,15:42:26:16.857,0
V,301,56546297640515,1000000000,15:42:26:17.858,0
V,302,56546314314435,1000000000,15:42:26:18.858,0
D,151,56546314314435,1000000000,15:42:26:18.858,0
V,303,56546330982008,1000000000,15:42:26:19.858,0
V,304,56546347640802,1000000000,15:42:26:20.858,0
D,152,56546347640803,1000000000,15:42:26:20.858,0
V,305,56546364305098,1000000000,15:42:26:21.858,0
V,306,56546380977183,1000000000,15:42:26:22.858,0
D,153,56546380977183,1000000000,15:42:26:22.858,0
V,307,56546397644632,1000000000,15:42:26:23.858,0
V,308,56546414318509,1000000000,15:42:26:24.859,0
D,154,56546414318509,1000000000,15:42:26:24.859,0
V,309,56546430969971,1000000000,15:42:26:25.858,0
V,310,56546447648932,1000000000,15:42:26:26.858,0
D,155,56546447648931,1000000000,15:42:26:26.858,0
V,311,56546464316464,1000000000,15:42:26:27.858,0
V,312,56546480979634,1000000000,15:42:26:28.858,0
D,156,56546480979634,1000000000,15:42:26:28.858,0
V,313,56546497652010,1000000000,15:42:26:29.859,0
V,314,56546514312805,1000000000,15:42:26:30.858,0
D,157,56546514312805,1000000000,15:42:26:30.858,0
V,315,56546530979684,1000000000,15:42:26:31.858,0
V,316,56546547643769,1000000000,15:42:26:32.858,0
D,158,56546547643769,1000000000,15:42:26:32.858,0
V,317,56546564311343,1000000000,15:42:26:33.858,0
V,318,56546580980221,1000000000,15:42:26:34.858,0
D,159,56546580980221,1000000000,15:42:26:34.858,0
V,319,56546597650639,1000000000,15:42:26:35.859,0
V,320,56546614311726,1000000000,15:42:26:36.858,0
D,160,56546614311726,1000000000,15:42:26:36.858,0
V,321,56546630979384,1000000000,15:42:26:37.858,0
V,322,56546647651053,1000000000,15:42:26:38.859,0
D,161,56546647651053,1000000000,15:42:26:38.859,0
V,323,56546664319180,1000000000,15:42:26:39.859,0
V,324,56546680982015,1000000000,15:42:26:40.858,0
D,162,56546680982016,1000000000,15:42:26:40.858,0
V,325,56546697649591,1000000000,15:42:26:41.858,0
V,326,56546714324843,1000000000,15:42:26:42.859,0
D,163,56546714324843,1000000000,15:42:26:42.859,0
V,327,56546730984846,1000000000,15:42:26:43.859,0
V,328,56546747659973,1000000000,15:42:26:44.859,0
D,164,56546747659973,1000000000,15:42:26:44.859,0
V,329,56546764327588,1000000000,15:42:26:45.859,0
V,330,56546780994062,1000000000,15:42:26:46.859,0
D,165,56546780994062,1000000000,15:42:26:46.859,0
V,331,56546797661636,1000000000,15:42:26:47.859,0
V,332,56546814341013,1000000000,15:42:26:48.860,0
D,166,56546814341013,1000000000,15:42:26:48.860,0
V,333,56546830996599,1000000000,15:42:26:49.859,0
V,334,56546847677101,1000000000,15:42:26:50.860,0
D,167,56546847677101,1000000000,15:42:26:50.860,0
V,335,56546864344550,1000000000,15:42:26:51.860,0
V,336,56546881005011,1000000000,15:42:26:52.860,0
D,168,56546881005010,1000000000,15:42:26:52.860,0
V,337,56546897677306,1000000000,15:42:26:53.860,0
V,338,56546914333226,1000000000,15:42:26:54.859,0
D,169,56546914333226,1000000000,15:42:26:54.859,0
V,339,56546931000799,1000000000,15:42:26:55.860,0
V,340,56546947673344,1000000000,15:42:26:56.860,0
D,170,56546947673344,1000000000,15:42:26:56.860,0
V,341,56546964336055,1000000000,15:42:26:57.860,0
V,342,56546981010889,1000000000,15:42:26:58.860,0
D,171,56546981010889,1000000000,15:42:26:58.860,0
V,343,56546997678630,1000000000,15:42:26:59.860,0
V,344,56547014350342,1000000000,15:42:27:00.861,0
D,172,56547014350341,1000000000,15:42:27:00.861,0
V,345,56547031009886,1000000000,15:42:27:01.860,0
V,346,56547047683555,1000000000,15:42:27:02.861,0
D,173,56547047683555,1000000000,15:42:27:02.861,0
V,347,56547064351172,1000000000,15:42:27:03.861,0
V,348,56547081016102,1000000000,15:42:27:04.860,0
D,174,56547081016102,1000000000,15:42:27:04.860,0
V,349,56547097683635,1000000000,15:42:27:05.861,0
V,350,56547114341095,1000000000,15:42:27:06.860,0
D,175,56547114341095,1000000000,15:42:27:06.860,0
V,351,56547131010973,1000000000,15:42:27:07.860,0
V,352,56547147676935,1000000000,15:42:27:08.860,0
D,176,56547147676935,1000000000,15:42:27:08.860,0
V,353,56547164344510,1000000000,15:42:27:09.860,0
V,354,56547181013344,1000000000,15:42:27:10.860,0
D,177,56547181013344,1000000000,15:42:27:10.860,0
V,355,56547197688180,1000000000,15:42:27:11.861,0
V,356,56547214350933,1000000000,15:42:27:12.861,0
D,178,56547214350934,1000000000,15:42:27:12.861,0
V,357,56547231018465,1000000000,15:42:27:13.861,0
V,358,56547247683801,1000000000,15:42:27:14.861,0
D,179,56547247683802,1000000000,15:42:27:14.861,0
V,359,56547264353262,1000000000,15:42:27:15.861,0
V,360,56547281018140,1000000000,15:42:27:16.861,0
D,180,56547281018139,1000000000,15:42:27:16.861,0
V,361,56547297685673,1000000000,15:42:27:17.861,0
V,362,56547314368217,1000000000,15:42:27:18.862,0
D,181,56547314368216,1000000000,15:42:27:18.862,0
V,363,56547331029594,1000000000,15:42:27:19.861,0
V,364,56547347684139,1000000000,15:42:27:20.861,0
D,182,56547347684139,1000000000,15:42:27:20.861,0
V,365,56547364357100,1000000000,15:42:27:21.861,0
V,366,56547381034227,1000000000,15:42:27:22.862,0
D,183,56547381034227,1000000000,15:42:27:22.862,0
V,367,56547397701801,1000000000,15:42:27:23.862,0
V,368,56547414358346,1000000000,15:42:27:24.861,0
D,184,56547414358346,1000000000,15:42:27:24.861,0
V,369,56547431023389,1000000000,15:42:27:25.861,0
V,370,56547447691560,1000000000,15:42:27:26.861,0
D,185,56547447691559,1000000000,15:42:27:26.861,0
V,371,56547464359257,1000000000,15:42:27:27.861,0
V,372,56547481031261,1000000000,15:42:27:28.861,0
D,186,56547481031261,1000000000,15:42:27:28.861,0
V,373,56547497700972,1000000000,15:42:27:29.862,0
V,374,56547514370806,1000000000,15:42:27:30.862,0
D,187,56547514370806,1000000000,15:42:27:30.862,0
V,375,56547531038339,1000000000,15:42:27:31.862,0
V,376,56547547703675,1000000000,15:42:27:32.862,0
D,188,56547547703675,1000000000,15:42:27:32.862,0
V,377,56547564366095,1000000000,15:42:27:33.861,0
V,378,56547581049389,1000000000,15:42:27:34.862,0
D,189,56547581049388,1000000000,15:42:27:34.862,0
V,379,56547597698933,1000000000,15:42:27:35.861,0
V,380,56547614378394,1000000000,15:42:27:36.862,0
D,190,56547614378393,1000000000,15:42:27:36.862,0
V,381,56547631046052,1000000000,15:42:27:37.862,0
V,382,56547647716346,1000000000,15:42:27:38.862,0
D,191,56547647716347,1000000000,15:42:27:38.862,0
V,383,56547664383920,1000000000,15:42:27:39.863,0
V,384,56547681041934,1000000000,15:42:27:40.862,0
D,192,56547681041934,1000000000,15:42:27:40.862,0
V,385,56547697709508,1000000000,15:42:27:41.862,0
V,386,56547714374052,1000000000,15:42:27:42.862,0
D,193,56547714374052,1000000000,15:42:27:42.862,0
V,387,56547731040346,1000000000,15:42:27:43.862,0
V,388,56547747719933,1000000000,15:42:27:44.863,0
D,194,56547747719933,1000000000,15:42:27:44.863,0
V,389,56547764387632,1000000000,15:42:27:45.863,0
V,390,56547781051593,1000000000,15:42:27:46.863,0
D,195,56547781051593,1000000000,15:42:27:46.863,0
V,391,56547797708971,1000000000,15:42:27:47.862,0
V,392,56547814378889,1000000000,15:42:27:48.862,0
D,196,56547814378889,1000000000,15:42:27:48.862,0
V,393,56547831046423,1000000000,15:42:27:49.862,0
V,394,56547847720270,1000000000,15:42:27:50.863,0
D,197,56547847720270,1000000000,15:42:27:50.863,0
V,395,56547864387844,1000000000,15:42:27:51.863,0
V,396,56547881055680,1000000000,15:42:27:52.863,0
D,198,56547881055680,1000000000,15:42:27:52.863,0
V,397,56547897718849,1000000000,15:42:27:53.863,0
V,398,56547914383103,1000000000,15:42:27:54.862,0
D,199,56547914383103,1000000000,15:42:27:54.862,0
V,399,56547931050635,1000000000,15:42:27:55.863,0
V,400,56547947718803,1000000000,15:42:27:56.863,0
D,200,56547947718804,1000000000,15:42:27:56.863,0
V,401,56547964391806,1000000000,15:42:27:57.863,0
V,402,56547981062976,1000000000,15:42:27:58.863,0
D,201,56547981062976,1000000000,15:42:27:58.863,0
V,403,56547997730675,1000000000,15:42:27:59.863,0
V,404,56548014389676,1000000000,15:42:28:00.863,0
D,202,56548014389676,1000000000,15:42:28:00.863,0
V,405,56548031063305,1000000000,15:42:28:01.863,0
V,406,56548047727057,1000000000,15:42:28:02.863,0
D,203,56548047727056,1000000000,15:42:28:02.863,0
V,407,56548064394631,1000000000,15:42:28:03.863,0
V,408,56548081073926,1000000000,15:42:28:04.864,0
D,204,56548081073926,1000000000,15:42:28:04.864,0
V,409,56548097729178,1000000000,15:42:28:05.863,0
V,410,56548114399723,1000000000,15:42:28:06.863,0
D,205,56548114399724,1000000000,15:42:28:06.863,0
V,411,56548131065433,1000000000,15:42:28:07.863,0
V,412,56548147737562,1000000000,15:42:28:08.864,0
D,206,56548147737562,1000000000,15:42:28:08.864,0
V,413,56548164405178,1000000000,15:42:28:09.864,0
V,414,56548181065348,1000000000,15:42:28:10.863,0
D,207,56548181065348,1000000000,15:42:28:10.863,0
V,415,56548197744433,1000000000,15:42:28:11.864,0
V,416,56548214405853,1000000000,15:42:28:12.864,0
D,208,56548214405853,1000000000,15:42:28:12.864,0
V,417,56548231073383,1000000000,15:42:28:13.864,0
V,418,56548247733387,1000000000,15:42:28:14.864,0
D,209,56548247733387,1000000000,15:42:28:14.864,0
V,419,56548264417432,1000000000,15:42:28:15.865,0
V,420,56548281086184,1000000000,15:42:28:16.865,0
D,210,56548281086184,1000000000,15:42:28:16.865,0
V,421,56548297753632,1000000000,15:42:28:17.865,0
V,422,56548314404178,1000000000,15:42:28:18.864,0
D,211,56548314404178,1000000000,15:42:28:18.864,0
V,423,56548331073723,1000000000,15:42:28:19.864,0
V,424,56548347751141,1000000000,15:42:28:20.865,0
D,212,56548347751141,1000000000,15:42:28:20.865,0
V,425,56548364418715,1000000000,15:42:28:21.865,0
V,426,56548381083897,1000000000,15:42:28:22.865,0
D,213,56548381083897,1000000000,15:42:28:22.865,0
V,427,56548397751428,1000000000,15:42:28:23.865,0
V,428,56548414426639,1000000000,15:42:28:24.865,0
D,214,56548414426639,1000000000,15:42:28:24.865,0
V,429,56548431074184,1000000000,15:42:28:25.864,0
V,430,56548447752938,1000000000,15:42:28:26.865,0
D,215,56548447752938,1000000000,15:42:28:26.865,0
V,431,56548464420468,1000000000,15:42:28:27.865,0
V,432,56548481086513,1000000000,15:42:28:28.865,0
D,216,56548481086513,1000000000,15:42:28:28.865,0
V,433,56548497753961,1000000000,15:42:28:29.865,0
V,434,56548514426227,1000000000,15:42:28:30.865,0
D,217,56548514426226,1000000000,15:42:28:30.865,0
V,435,56548531093841,1000000000,15:42:28:31.865,0
V,436,56548547761137,1000000000,15:42:28:32.865,0
D,218,56548547761136,1000000000,15:42:28:32.865,0
V,437,56548564433931,1000000000,15:42:28:33.866,0
V,438,56548581090309,1000000000,15:42:28:34.865,0
D,219,56548581090309,1000000000,15:42:28:34.865,0
V,439,56548597757717,1000000000,15:42:28:35.865,0
V,440,56548614430510,1000000000,15:42:28:36.865,0
D,220,56548614430509,1000000000,15:42:28:36.865,0
V,441,56548631086595,1000000000,15:42:28:37.865,0
V,442,56548647764683,1000000000,15:42:28:38.865,0
D,221,56548647764683,1000000000,15:42:28:38.865,0
V,443,56548664430810,1000000000,15:42:28:39.865,0
V,444,56548681094481,1000000000,15:42:28:40.865,0
D,222,56548681094481,1000000000,15:42:28:40.865,0
V,445,56548697761970,1000000000,15:42:28:41.865,0
V,446,56548714432389,1000000000,15:42:28:42.865,0
D,223,56548714432389,1000000000,15:42:28:42.865,0
V,447,56548731104975,1000000000,15:42:28:43.866,0
V,448,56548747771687,1000000000,15:42:28:44.866,0
D,224,56548747771687,1000000000,15:42:28:44.866,0
V,449,56548764439218,1000000000,15:42:28:45.866,0
V,450,56548781097138,1000000000,15:42:28:46.865,0
D,225,56548781097138,1000000000,15:42:28:46.865,0
V,451,56548797772598,1000000000,15:42:28:47.866,0
V,452,56548814430059,1000000000,15:42:28:48.865,0
D,226,56548814430059,1000000000,15:42:28:48.865,0
V,453,56548831097716,1000000000,15:42:28:49.865,0
V,454,56548847782761,1000000000,15:42:28:50.866,0
D,227,56548847782761,1000000000,15:42:28:50.866,0
V,455,56548864437722,1000000000,15:42:28:51.866,0
V,456,56548881101600,1000000000,15:42:28:52.866,0
D,228,56548881101600,1000000000,15:42:28:52.866,0
V,457,56548897773144,1000000000,15:42:28:53.866,0
V,458,56548914440730,1000000000,15:42:28:54.866,0
D,229,56548914440730,1000000000,15:42:28:54.866,0
V,459,56548931108262,1000000000,15:42:28:55.866,0
V,460,56548947777848,1000000000,15:42:28:56.866,0
D,230,56548947777848,1000000000,15:42:28:56.866,0
V,461,56548964437685,1000000000,15:42:28:57.866,0
V,462,56548981103480,1000000000,15:42:28:58.866,0
D,231,56548981103480,1000000000,15:42:28:58.866,0
V,463,56548997771051,1000000000,15:42:28:59.866,0
V,464,56549014447596,1000000000,15:42:29:00.866,0
D,232,56549014447597,1000000000,15:42:29:00.866,0
V,465,56549031106517,1000000000,15:42:29:01.866,0
V,466,56549047789935,1000000000,15:42:29:02.867,0
D,233,56549047789935,1000000000,15:42:29:02.867,0
V,467,56549064457468,1000000000,15:42:29:03.867,0
V,468,56549081109804,1000000000,15:42:29:04.866,0
D,234,56549081109803,1000000000,15:42:29:04.866,0
V,469,56549097789805,1000000000,15:42:29:05.867,0
V,470,56549114463100,1000000000,15:42:29:06.867,0
D,235,56549114463099,1000000000,15:42:29:06.867,0
V,471,56549131130632,1000000000,15:42:29:07.867,0
V,472,56549147782135,1000000000,15:42:29:08.866,0
D,236,56549147782135,1000000000,15:42:29:08.866,0
V,473,56549164448514,1000000000,15:42:29:09.866,0
V,474,56549181117641,1000000000,15:42:29:10.867,0
D,237,56549181117641,1000000000,15:42:29:10.867,0
V,475,56549197785173,1000000000,15:42:29:11.867,0
V,476,56549214458231,1000000000,15:42:29:12.867,0
D,238,56549214458231,1000000000,15:42:29:12.867,0
V,477,56549231125803,1000000000,15:42:29:13.867,0
V,478,56549247783515,1000000000,15:42:29:14.867,0
D,239,56549247783515,1000000000,15:42:29:14.867,0
V,479,56549264455767,1000000000,15:42:29:15.867,0
V,480,56549281129979,1000000000,15:42:29:16.867,0
D,240,56549281129978,1000000000,15:42:29:16.867,0
V,481,56549297797509,1000000000,15:42:29:17.867,0
V,482,56549314470595,1000000000,15:42:29:18.868,0
D,241,56549314470595,1000000000,15:42:29:18.868,0
V,483,56549331128308,1000000000,15:42:29:19.867,0
V,484,56549347796561,1000000000,15:42:29:20.867,0
D,242,56549347796562,1000000000,15:42:29:20.867,0
V,485,56549364464176,1000000000,15:42:29:21.867,0
V,486,56549381131053,1000000000,15:42:29:22.867,0
D,243,56549381131054,1000000000,15:42:29:22.867,0
V,487,56549397794180,1000000000,15:42:29:23.867,0
V,488,56549414468975,1000000000,15:42:29:24.868,0
D,244,56549414468975,1000000000,15:42:29:24.868,0
V,489,56549431136381,1000000000,15:42:29:25.868,0
V,490,56549447808689,1000000000,15:42:29:26.868,0
D,245,56549447808690,1000000000,15:42:29:26.868,0
V,491,56549464476263,1000000000,15:42:29:27.868,0
V,492,56549481138516,1000000000,15:42:29:28.868,0
D,246,56549481138516,1000000000,15:42:29:28.868,0
V,493,56549497805519,1000000000,15:42:29:29.868,0
V,494,56549514473397,1000000000,15:42:29:30.868,0
D,247,56549514473397,1000000000,15:42:29:30.868,0
V,495,56549531141011,1000000000,15:42:29:31.868,0
V,496,56549547805431,1000000000,15:42:29:32.868,0
D,248,56549547805430,1000000000,15:42:29:32.868,0
V,497,56549564478433,1000000000,15:42:29:33.868,0
V,498,56549581153770,1000000000,15:42:29:34.869,0
D,249,56549581153770,1000000000,15:42:29:34.869,0
V,499,56549597821426,1000000000,15:42:29:35.869,0
V,500,56549614470262,1000000000,15:42:29:36.868,0
D,250,56549614470262,1000000000,15:42:29:36.868,0
V,501,56549631144640,1000000000,15:42:29:37.868,0
V,502,56549647814810,1000000000,15:42:29:38.868,0
D,251,56549647814810,1000000000,15:42:29:38.868,0
V,503,56549664482341,1000000000,15:42:29:39.868,0
V,504,56549681157844,1000000000,15:42:29:40.869,0
D,252,56549681157844,1000000000,15:42:29:40.869,0
V,505,56549697823223,1000000000,15:42:29:41.869,0
V,506,56549714483726,1000000000,15:42:29:42.869,0
D,253,56549714483726,1000000000,15:42:29:42.869,0
V,507,56549731151423,1000000000,15:42:29:43.869,0
V,508,56549747825772,1000000000,15:42:29:44.869,0
D,254,56549747825772,1000000000,15:42:29:44.869,0
V,509,56549764493386,1000000000,15:42:29:45.869,0
V,510,56549781147390,1000000000,15:42:29:46.868,0
D,255,56549781147390,1000000000,15:42:29:46.868,0
V,511,56549797816436,1000000000,15:42:29:47.868,0
V,512,56549814494187,1000000000,15:42:29:48.869,0
D,256,56549814494188,1000000000,15:42:29:48.869,0
V,513,56549831161718,1000000000,15:42:29:49.869,0
V,514,56549847824180,1000000000,15:42:29:50.869,0
D,257,56549847824180,1000000000,15:42:29:50.869,0
V,515,56549864492350,1000000000,15:42:29:51.869,0
V,516,56549881151520,1000000000,15:42:29:52.869,0
D,258,56549881151520,1000000000,15:42:29:52.869,0
V,517,56549897819092,1000000000,15:42:29:53.869,0
V,518,56549914489386,1000000000,15:42:29:54.869,0
D,259,56549914489386,1000000000,15:42:29:54.869,0
V,519,56549931159432,1000000000,15:42:29:55.869,0
V,520,56549947830643,1000000000,15:42:29:56.869,0
D,260,56549947830643,1000000000,15:42:29:56.869,0
V,521,56549964498133,1000000000,15:42:29:57.869,0
V,522,56549981170594,1000000000,15:42:29:58.870,0
D,261,56549981170593,1000000000,15:42:29:58.870,0
V,523,56549997831055,1000000000,15:42:29:59.869,0
V,524,56550014490682,1000000000,15:42:30:00.869,0
D,262,56550014490682,1000000000,15:42:30:00.869,0
V,525,56550031158213,1000000000,15:42:30:01.869,0
V,526,56550047839065,1000000000,15:42:30:02.870,0
D,263,56550047839065,1000000000,15:42:30:02.870,0
V,527,56550064506636,1000000000,15:42:30:03.870,0
V,528,56550081171889,1000000000,15:42:30:04.870,0
D,264,56550081171889,1000000000,15:42:30:04.870,0
V,529,56550097836475,1000000000,15:42:30:05.870,0
V,530,56550114504313,1000000000,15:42:30:06.870,0
D,265,56550114504313,1000000000,15:42:30:06.870,0
V,531,56550131171801,1000000000,15:42:30:07.870,0
V,532,56550147845972,1000000000,15:42:30:08.870,0
D,266,56550147845972,1000000000,15:42:30:08.870,0
V,533,56550164504473,1000000000,15:42:30:09.870,0
V,534,56550181172977,1000000000,15:42:30:10.870,0
D,267,56550181172977,1000000000,15:42:30:10.870,0
V,535,56550197840551,1000000000,15:42:30:11.870,0
V,536,56550214504970,1000000000,15:42:30:12.870,0
D,268,56550214504970,1000000000,15:42:30:12.870,0
V,537,56550231170972,1000000000,15:42:30:13.870,0
V,538,56550247848726,1000000000,15:42:30:14.870,0
D,269,56550247848725,1000000000,15:42:30:14.870,0
V,539,56550264516257,1000000000,15:42:30:15.870,0
V,540,56550281173192,1000000000,15:42:30:16.870,0
D,270,56550281173192,1000000000,15:42:30:16.870,0
V,541,56550297840846,1000000000,15:42:30:17.870,0
V,542,56550314519973,1000000000,15:42:30:18.871,0
D,271,56550314519974,1000000000,15:42:30:18.871,0
V,543,56550331181685,1000000000,15:42:30:19.870,0
V,544,56550347853815,1000000000,15:42:30:20.871,0
D,272,56550347853815,1000000000,15:42:30:20.871,0
V,545,56550364521344,1000000000,15:42:30:21.871,0
V,546,56550381184514,1000000000,15:42:30:22.871,0
D,273,56550381184513,1000000000,15:42:30:22.871,0
V,547,56550397854434,1000000000,15:42:30:23.871,0
V,548,56550414524604,1000000000,15:42:30:24.871,0
D,274,56550414524605,1000000000,15:42:30:24.871,0
V,549,56550431192301,1000000000,15:42:30:25.871,0
V,550,56550447849845,1000000000,15:42:30:26.870,0
D,275,56550447849845,1000000000,15:42:30:26.870,0
V,551,56550464517682,1000000000,15:42:30:27.871,0
V,552,56550481191894,1000000000,15:42:30:28.871,0
D,276,56550481191894,1000000000,15:42:30:28.871,0
V,553,56550497859298,1000000000,15:42:30:29.871,0
V,554,56550514517677,1000000000,15:42:30:30.871,0
D,277,56550514517676,1000000000,15:42:30:30.871,0
V,555,56550531191305,1000000000,15:42:30:31.871,0
V,556,56550547862808,1000000000,15:42:30:32.871,0
D,278,56550547862808,1000000000,15:42:30:32.871,0
V,557,56550564530380,1000000000,15:42:30:33.871,0
V,558,56550581202272,1000000000,15:42:30:34.872,0
D,279,56550581202272,1000000000,15:42:30:34.872,0
V,559,56550597869761,1000000000,15:42:30:35.872,0
V,560,56550614535348,1000000000,15:42:30:36.872,0
D,280,56550614535348,1000000000,15:42:30:36.872,0
V,561,56550631192809,1000000000,15:42:30:37.871,0
V,562,56550647866647,1000000000,15:42:30:38.872,0
D,281,56550647866646,1000000000,15:42:30:38.872,0
V,563,56550664534341,1000000000,15:42:30:39.872,0
V,564,56550681193722,1000000000,15:42:30:40.871,0
D,282,56550681193721,1000000000,15:42:30:40.871,0
V,565,56550697861933,1000000000,15:42:30:41.871,0
V,566,56550714546519,1000000000,15:42:30:42.872,0
D,283,56550714546519,1000000000,15:42:30:42.872,0
V,567,56550731214091,1000000000,15:42:30:43.872,0
V,568,56550747867636,1000000000,15:42:30:44.872,0
D,284,56550747867636,1000000000,15:42:30:44.872,0
V,569,56550764531057,1000000000,15:42:30:45.871,0
V,570,56550781217974,1000000000,15:42:30:46.873,0
D,285,56550781217974,1000000000,15:42:30:46.873,0
V,571,56550797885506,1000000000,15:42:30:47.873,0
V,572,56550814535842,1000000000,15:42:30:48.872,0
D,286,56550814535842,1000000000,15:42:30:48.872,0
V,573,56550831213680,1000000000,15:42:30:49.872,0
V,574,56550847882349,1000000000,15:42:30:50.872,0
D,287,56550847882349,1000000000,15:42:30:50.872,0
V,575,56550864538227,1000000000,15:42:30:51.872,0
V,576,56550881206356,1000000000,15:42:30:52.872,0
D,288,56550881206357,1000000000,15:42:30:52.872,0
V,577,56550897873885,1000000000,15:42:30:53.872,0
V,578,56550914554554,1000000000,15:42:30:54.873,0
D,289,56550914554555,1000000000,15:42:30:54.873,0
V,579,56550931206641,1000000000,15:42:30:55.872,0
V,580,56550947882604,1000000000,15:42:30:56.872,0
D,290,56550947882604,1000000000,15:42:30:56.872,0
V,581,56550964550176,1000000000,15:42:30:57.873,0
V,582,56550981226595,1000000000,15:42:30:58.873,0
D,291,56550981226595,1000000000,15:42:30:58.873,0
V,583,56550997893975,1000000000,15:42:30:59.873,0
V,584,56551014554727,1000000000,15:42:31:00.873,0
D,292,56551014554727,1000000000,15:42:31:00.873,0
V,585,56551031222216,1000000000,15:42:31:01.873,0
V,586,56551047890635,1000000000,15:42:31:02.873,0
D,293,56551047890635,1000000000,15:42:31:02.873,0
V,587,56551064548764,1000000000,15:42:31:03.872,0
V,588,56551081229101,1000000000,15:42:31:04.873,0
D,294,56551081229101,1000000000,15:42:31:04.873,0
V,589,56551097896589,1000000000,15:42:31:05.873,0
V,590,56551114567108,1000000000,15:42:31:06.874,0
D,295,56551114567108,1000000000,15:42:31:06.874,0
V,591,56551131234721,1000000000,15:42:31:07.874,0
V,592,56551147891266,1000000000,15:42:31:08.873,0
D,296,56551147891266,1000000000,15:42:31:08.873,0
V,593,56551164562602,1000000000,15:42:31:09.873,0
V,594,56551181219772,1000000000,15:42:31:10.873,0
D,297,56551181219773,1000000000,15:42:31:10.873,0
V,595,56551197887261,1000000000,15:42:31:11.873,0
V,596,56551214556806,1000000000,15:42:31:12.873,0
D,298,56551214556805,1000000000,15:42:31:12.873,0
V,597,56551231227976,1000000000,15:42:31:13.873,0
V,598,56551247892729,1000000000,15:42:31:14.873,0
D,299,56551247892729,1000000000,15:42:31:14.873,0
V,599,56551264560259,1000000000,15:42:31:15.873,0
V,600,56551281229845,1000000000,15:42:31:16.873,0
D,300,56551281229845,1000000000,15:42:31:16.873,0
V,601,56551297903473,1000000000,15:42:31:17.874,0
V,602,56551314567727,1000000000,15:42:31:18.874,0
D,301,56551314567727,1000000000,15:42:31:18.874,0
V,603,56551331235299,1000000000,15:42:31:19.874,0
V,604,56551347904401,1000000000,15:42:31:20.874,0
D,302,56551347904401,1000000000,15:42:31:20.874,0
V,605,56551364571887,1000000000,15:42:31:21.874,0
V,606,56551381231893,1000000000,15:42:31:22.873,0
D,303,56551381231893,1000000000,15:42:31:22.873,0
V,607,56551397901230,1000000000,15:42:31:23.874,0
V,608,56551414567566,1000000000,15:42:31:24.874,0
D,304,56551414567565,1000000000,15:42:31:24.874,0
V,609,56551431235261,1000000000,15:42:31:25.874,0
V,610,56551447912557,1000000000,15:42:31:26.874,0
D,305,56551447912557,1000000000,15:42:31:26.874,0
V,611,56551464568560,1000000000,15:42:31:27.874,0
V,612,56551481236520,1000000000,15:42:31:28.874,0
D,306,56551481236520,1000000000,15:42:31:28.874,0
V,613,56551497904009,1000000000,15:42:31:29.874,0
V,614,56551514586597,1000000000,15:42:31:30.875,0
D,307,56551514586597,1000000000,15:42:31:30.875,0
V,615,56551531253266,1000000000,15:42:31:31.875,0
V,616,56551547905519,1000000000,15:42:31:32.874,0
D,308,56551547905520,1000000000,15:42:31:32.874,0
V,617,56551564573174,1000000000,15:42:31:33.874,0
V,618,56551581251219,1000000000,15:42:31:34.875,0
D,309,56551581251219,1000000000,15:42:31:34.875,0
V,619,56551597914681,1000000000,15:42:31:35.874,0
V,620,56551614578643,1000000000,15:42:31:36.874,0
D,310,56551614578643,1000000000,15:42:31:36.874,0
V,621,56551631246173,1000000000,15:42:31:37.874,0
V,622,56551647924274,1000000000,15:42:31:38.875,0
D,311,56551647924273,1000000000,15:42:31:38.875,0
V,623,56551664591886,1000000000,15:42:31:39.875,0
V,624,56551681246099,1000000000,15:42:31:40.874,0
D,312,56551681246099,1000000000,15:42:31:40.874,0
V,625,56551697932645,1000000000,15:42:31:41.875,0
V,626,56551714586814,1000000000,15:42:31:42.875,0
D,313,56551714586814,1000000000,15:42:31:42.875,0
V,627,56551731254468,1000000000,15:42:31:43.875,0
V,628,56551747920598,1000000000,15:42:31:44.875,0
D,314,56551747920598,1000000000,15:42:31:44.875,0
V,629,56551764590308,1000000000,15:42:31:45.875,0
V,630,56551781251853,1000000000,15:42:31:46.875,0
D,315,56551781251853,1000000000,15:42:31:46.875,0
V,631,56551797919509,1000000000,15:42:31:47.875,0
V,632,56551814596886,1000000000,15:42:31:48.875,0
D,316,56551814596887,1000000000,15:42:31:48.875,0
V,633,56551831258848,1000000000,15:42:31:49.875,0
V,634,56551847938811,1000000000,15:42:31:50.876,0
D,317,56551847938811,1000000000,15:42:31:50.876,0
V,635,56551864596981,1000000000,15:42:31:51.875,0
V,636,56551881275694,1000000000,15:42:31:52.876,0
D,318,56551881275694,1000000000,15:42:31:52.876,0
V,637,56551897943139,1000000000,15:42:31:53.876,0
V,638,56551914604100,1000000000,15:42:31:54.876,0
D,319,56551914604100,1000000000,15:42:31:54.876,0
V,639,56551931270937,1000000000,15:42:31:55.876,0
V,640,56551947941107,1000000000,15:42:31:56.876,0
D,320,56551947941107,1000000000,15:42:31:56.876,0
V,641,56551964608595,1000000000,15:42:31:57.876,0
V,642,56551981262516,1000000000,15:42:31:58.875,0
D,321,56551981262516,1000000000,15:42:31:58.875,0
V,643,56551997935185,1000000000,15:42:31:59.876,0
V,644,56552014614232,1000000000,15:42:32:00.876,0
D,322,56552014614232,1000000000,15:42:32:00.876,0
V,645,56552031281760,1000000000,15:42:32:01.876,0
V,646,56552047940263,1000000000,15:42:32:02.876,0
D,323,56552047940263,1000000000,15:42:32:02.876,0
V,647,56552064600850,1000000000,15:42:32:03.876,0
V,648,56552081280813,1000000000,15:42:32:04.876,0
D,324,56552081280812,1000000000,15:42:32:04.876,0
V,649,56552097948383,1000000000,15:42:32:05.876,0
V,650,56552114602693,1000000000,15:42:32:06.876,0
D,325,56552114602695,1000000000,15:42:32:06.876,0
V,651,56552131270390,1000000000,15:42:32:07.876,0
V,652,56552147949269,1000000000,15:42:32:08.876,0
D,326,56552147949268,1000000000,15:42:32:08.876,0
V,653,56552164603979,1000000000,15:42:32:09.876,0
V,654,56552181271442,1000000000,15:42:32:10.876,0
D,327,56552181271442,1000000000,15:42:32:10.876,0
V,655,56552197939012,1000000000,15:42:32:11.876,0
V,656,56552214608725,1000000000,15:42:32:12.876,0
D,328,56552214608724,1000000000,15:42:32:12.876,0
V,657,56552231292727,1000000000,15:42:32:13.877,0
V,658,56552247942065,1000000000,15:42:32:14.876,0
D,329,56552247942065,1000000000,15:42:32:14.876,0
V,659,56552264609718,1000000000,15:42:32:15.876,0
V,660,56552281295015,1000000000,15:42:32:16.877,0
D,330,56552281295015,1000000000,15:42:32:16.877,0
V,661,56552297963559,1000000000,15:42:32:17.877,0
V,662,56552314631229,1000000000,15:42:32:18.877,0
D,331,56552314631229,1000000000,15:42:32:18.877,0
V,663,56552331279983,1000000000,15:42:32:19.876,0
V,664,56552347947595,1000000000,15:42:32:20.876,0
D,332,56552347947595,1000000000,15:42:32:20.876,0
V,665,56552364621765,1000000000,15:42:32:21.877,0
V,666,56552381288560,1000000000,15:42:32:22.877,0
D,333,56552381288561,1000000000,15:42:32:22.877,0
V,667,56552397955965,1000000000,15:42:32:23.877,0
V,668,56552414622027,1000000000,15:42:32:24.877,0
D,334,56552414622027,1000000000,15:42:32:24.877,0
V,669,56552431289598,1000000000,15:42:32:25.877,0
V,670,56552447970600,1000000000,15:42:32:26.878,0
D,335,56552447970601,1000000000,15:42:32:26.878,0
V,671,56552464623936,1000000000,15:42:32:27.877,0
V,672,56552481297691,1000000000,15:42:32:28.877,0
D,336,56552481297691,1000000000,15:42:32:28.877,0
V,673,56552497965054,1000000000,15:42:32:29.877,0
V,674,56552514636182,1000000000,15:42:32:30.878,0
D,337,56552514636182,1000000000,15:42:32:30.878,0
V,675,56552531298226,1000000000,15:42:32:31.877,0
V,676,56552547969230,1000000000,15:42:32:32.878,0
D,338,56552547969230,1000000000,15:42:32:32.878,0
V,677,56552564636677,1000000000,15:42:32:33.878,0
V,678,56552581304804,1000000000,15:42:32:34.878,0
D,339,56552581304805,1000000000,15:42:32:34.878,0
V,679,56552597962225,1000000000,15:42:32:35.877,0
V,680,56552614640853,1000000000,15:42:32:36.878,0
D,340,56552614640853,1000000000,15:42:32:36.878,0
V,681,56552631308341,1000000000,15:42:32:37.878,0
V,682,56552647970734,1000000000,15:42:32:38.878,0
D,341,56552647970734,1000000000,15:42:32:38.878,0
V,683,56552664638347,1000000000,15:42:32:39.878,0
V,684,56552681304850,1000000000,15:42:32:40.878,0
D,342,56552681304851,1000000000,15:42:32:40.878,0
V,685,56552697975146,1000000000,15:42:32:41.878,0
V,686,56552714644275,1000000000,15:42:32:42.878,0
D,343,56552714644275,1000000000,15:42:32:42.878,0
V,687,56552731311846,1000000000,15:42:32:43.878,0
V,688,56552747988307,1000000000,15:42:32:44.879,0
D,344,56552747988307,1000000000,15:42:32:44.879,0
V,689,56552764643395,1000000000,15:42:32:45.878,0
V,690,56552781315440,1000000000,15:42:32:46.878,0
D,345,56552781315441,1000000000,15:42:32:46.878,0
V,691,56552797983052,1000000000,15:42:32:47.878,0
V,692,56552814647472,1000000000,15:42:32:48.878,0
D,346,56552814647472,1000000000,15:42:32:48.878,0
V,693,56552831322726,1000000000,15:42:32:49.879,0
V,694,56552847975730,1000000000,15:42:32:50.878,0
D,347,56552847975730,1000000000,15:42:32:50.878,0
V,695,56552864643259,1000000000,15:42:32:51.878,0
V,696,56552881311888,1000000000,15:42:32:52.878,0
D,348,56552881311887,1000000000,15:42:32:52.878,0
V,697,56552897986225,1000000000,15:42:32:53.879,0
V,698,56552914648395,1000000000,15:42:32:54.878,0
D,349,56552914648395,1000000000,15:42:32:54.878,0
V,699,56552931315065,1000000000,15:42:32:55.878,0
V,700,56552947996150,1000000000,15:42:32:56.879,0
D,350,56552947996151,1000000000,15:42:32:56.879,0
V,701,56552964663721,1000000000,15:42:32:57.879,0
V,702,56552981327559,1000000000,15:42:32:58.879,0
D,351,56552981327559,1000000000,15:42:32:58.879,0
V,703,56552997982687,1000000000,15:42:32:59.878,0
V,704,56553014662608,1000000000,15:42:33:00.879,0
D,352,56553014662608,1000000000,15:42:33:00.879,0
V,705,56553031330136,1000000000,15:42:33:01.879,0
V,706,56553047997057,1000000000,15:42:33:02.879,0
D,353,56553047997057,1000000000,15:42:33:02.879,0
V,707,56553064669351,1000000000,15:42:33:03.880,0
V,708,56553081338771,1000000000,15:42:33:04.880,0
D,354,56553081338772,1000000000,15:42:33:04.880,0
V,709,56553098006176,1000000000,15:42:33:05.880,0
V,710,56553114672680,1000000000,15:42:33:06.880,0
D,355,56553114672680,1000000000,15:42:33:06.880,0
V,711,56553131327642,1000000000,15:42:33:07.879,0
V,712,56553148003937,1000000000,15:42:33:08.880,0
D,356,56553148003937,1000000000,15:42:33:08.880,0
V,713,56553164671632,1000000000,15:42:33:09.880,0
V,714,56553181342403,1000000000,15:42:33:10.880,0
D,357,56553181342403,1000000000,15:42:33:10.880,0
V,715,56553198009931,1000000000,15:42:33:11.880,0
V,716,56553214676642,1000000000,15:42:33:12.880,0
D,358,56553214676643,1000000000,15:42:33:12.880,0
V,717,56553231328772,1000000000,15:42:33:13.879,0
V,718,56553247998233,1000000000,15:42:33:14.879,0
D,359,56553247998233,1000000000,15:42:33:14.879,0
V,719,56553264665845,1000000000,15:42:33:15.879,0
V,720,56553281345099,1000000000,15:42:33:16.880,0
D,360,56553281345100,1000000000,15:42:33:16.880,0
V,721,56553297998602,1000000000,15:42:33:17.879,0
V,722,56553314675315,1000000000,15:42:33:18.880,0
D,361,56553314675314,1000000000,15:42:33:18.880,0
V,723,56553331342968,1000000000,15:42:33:19.880,0
V,724,56553348003348,1000000000,15:42:33:20.880,0
D,362,56553348003348,1000000000,15:42:33:20.880,0
V,725,56553364685852,1000000000,15:42:33:21.881,0
V,726,56553381348021,1000000000,15:42:33:22.880,0
D,363,56553381348021,1000000000,15:42:33:22.880,0
V,727,56553398015467,1000000000,15:42:33:23.880,0
V,728,56553414675260,1000000000,15:42:33:24.880,0
D,364,56553414675262,1000000000,15:42:33:24.880,0
V,729,56553431357392,1000000000,15:42:33:25.881,0
V,730,56553448006813,1000000000,15:42:33:26.880,0
D,365,56553448006813,1000000000,15:42:33:26.880,0
V,731,56553464680899,1000000000,15:42:33:27.880,0
V,732,56553481353195,1000000000,15:42:33:28.881,0
D,366,56553481353195,1000000000,15:42:33:28.881,0
V,733,56553498020765,1000000000,15:42:33:29.881,0
V,734,56553514676810,1000000000,15:42:33:30.880,0
D,367,56553514676810,1000000000,15:42:33:30.880,0
V,735,56553531351314,1000000000,15:42:33:31.881,0
V,736,56553548019192,1000000000,15:42:33:32.881,0
D,368,56553548019192,1000000000,15:42:33:32.881,0
V,737,56553564686889,1000000000,15:42:33:33.881,0
V,738,56553581349766,1000000000,15:42:33:34.880,0
D,369,56553581349765,1000000000,15:42:33:34.880,0
V,739,56553598025603,1000000000,15:42:33:35.881,0
V,740,56553614692898,1000000000,15:42:33:36.881,0
D,370,56553614692898,1000000000,15:42:33:36.881,0
V,741,56553631360510,1000000000,15:42:33:37.881,0
V,742,56553648034597,1000000000,15:42:33:38.882,0
D,371,56553648034597,1000000000,15:42:33:38.882,0
V,743,56553664703309,1000000000,15:42:33:39.882,0
V,744,56553681359480,1000000000,15:42:33:40.881,0
D,372,56553681359480,1000000000,15:42:33:40.881,0
V,745,56553698027092,1000000000,15:42:33:41.881,0
V,746,56553714705320,1000000000,15:42:33:42.882,0
D,373,56553714705321,1000000000,15:42:33:42.882,0
V,747,56553731372807,1000000000,15:42:33:43.882,0
V,748,56553748026602,1000000000,15:42:33:44.881,0
D,374,56553748026603,1000000000,15:42:33:44.881,0
V,749,56553764691481,1000000000,15:42:33:45.881,0
V,750,56553781373026,1000000000,15:42:33:46.882,0
D,375,56553781373026,1000000000,15:42:33:46.882,0
V,751,56553798040638,1000000000,15:42:33:47.882,0
V,752,56553814696767,1000000000,15:42:33:48.881,0
D,376,56553814696767,1000000000,15:42:33:48.881,0
V,753,56553831378479,1000000000,15:42:33:49.882,0
V,754,56553848030148,1000000000,15:42:33:50.881,0
D,377,56553848030148,1000000000,15:42:33:50.881,0
V,755,56553864697760,1000000000,15:42:33:51.881,0
V,756,56553881362723,1000000000,15:42:33:52.881,0
D,378,56553881362723,1000000000,15:42:33:52.881,0
V,757,56553898046852,1000000000,15:42:33:53.882,0
V,758,56553914709814,1000000000,15:42:33:54.882,0
D,379,56553914709813,1000000000,15:42:33:54.882,0
V,759,56553931377341,1000000000,15:42:33:55.882,0
V,760,56553948034678,1000000000,15:42:33:56.882,0
D,380,56553948034679,1000000000,15:42:33:56.882,0
V,761,56553964705433,1000000000,15:42:33:57.882,0
V,762,56553981378728,1000000000,15:42:33:58.882,0
D,381,56553981378729,1000000000,15:42:33:58.882,0
V,763,56553998045273,1000000000,15:42:33:59.882,0
V,764,56554014708527,1000000000,15:42:34:00.882,0
D,382,56554014708527,1000000000,15:42:34:00.882,0
V,765,56554031376014,1000000000,15:42:34:01.882,0
V,766,56554048053683,1000000000,15:42:34:02.883,0
D,383,56554048053683,1000000000,15:42:34:02.883,0
V,767,56554064713146,1000000000,15:42:34:03.882,0
V,768,56554081379316,1000000000,15:42:34:04.882,0
D,384,56554081379316,1000000000,15:42:34:04.882,0
V,769,56554098046721,1000000000,15:42:34:05.882,0
V,770,56554114714557,1000000000,15:42:34:06.882,0
D,385,56554114714557,1000000000,15:42:34:06.882,0
V,771,56554131386977,1000000000,15:42:34:07.883,0
V,772,56554148055147,1000000000,15:42:34:08.883,0
D,386,56554148055147,1000000000,15:42:34:08.883,0
V,773,56554164722718,1000000000,15:42:34:09.883,0
V,774,56554181396639,1000000000,15:42:34:10.883,0
D,387,56554181396638,1000000000,15:42:34:10.883,0
V,775,56554198045849,1000000000,15:42:34:11.882,0
V,776,56554214724479,1000000000,15:42:34:12.883,0
D,388,56554214724478,1000000000,15:42:34:12.883,0
V,777,56554231391924,1000000000,15:42:34:13.883,0
V,778,56554248054278,1000000000,15:42:34:14.883,0
D,389,56554248054278,1000000000,15:42:34:14.883,0
V,779,56554264721765,1000000000,15:42:34:15.883,0
V,780,56554281389227,1000000000,15:42:34:16.883,0
D,390,56554281389226,1000000000,15:42:34:16.883,0
V,781,56554298061939,1000000000,15:42:34:17.883,0
V,782,56554314728277,1000000000,15:42:34:18.883,0
D,391,56554314728276,1000000000,15:42:34:18.883,0
V,783,56554331395721,1000000000,15:42:34:19.883,0
V,784,56554348057015,1000000000,15:42:34:20.883,0
D,392,56554348057015,1000000000,15:42:34:20.883,0
V,785,56554364733020,1000000000,15:42:34:21.883,0
V,786,56554381401899,1000000000,15:42:34:22.884,0
D,393,56554381401898,1000000000,15:42:34:22.884,0
V,787,56554398069595,1000000000,15:42:34:23.884,0
V,788,56554414733389,1000000000,15:42:34:24.884,0
D,394,56554414733389,1000000000,15:42:34:24.884,0
V,789,56554431391310,1000000000,15:42:34:25.883,0
V,790,56554448072065,1000000000,15:42:34:26.884,0
D,395,56554448072064,1000000000,15:42:34:26.884,0
V,791,56554464739634,1000000000,15:42:34:27.884,0
V,792,56554481411972,1000000000,15:42:34:28.884,0
D,396,56554481411972,1000000000,15:42:34:28.884,0
V,793,56554498070849,1000000000,15:42:34:29.884,0
V,794,56554514740937,1000000000,15:42:34:30.884,0
D,397,56554514740937,1000000000,15:42:34:30.884,0
V,795,56554531400356,1000000000,15:42:34:31.884,0
V,796,56554548082902,1000000000,15:42:34:32.884,0
D,398,56554548082903,1000000000,15:42:34:32.884,0
V,797,56554564750472,1000000000,15:42:34:33.885,0
V,798,56554581404310,1000000000,15:42:34:34.884,0
D,399,56554581404311,1000000000,15:42:34:34.884,0
V,799,56554598072231,1000000000,15:42:34:35.884,0
V,800,56554614733150,1000000000,15:42:34:36.883,0
D,400,56554614733151,1000000000,15:42:34:36.883,0
V,801,56554631419863,1000000000,15:42:34:37.885,0
V,802,56554648087434,1000000000,15:42:34:38.885,0
D,401,56554648087434,1000000000,15:42:34:38.885,0
V,803,56554664743394,1000000000,15:42:34:39.884,0
V,804,56554681407524,1000000000,15:42:34:40.884,0
D,402,56554681407523,1000000000,15:42:34:40.884,0
V,805,56554698075093,1000000000,15:42:34:41.884,0
V,806,56554714743307,1000000000,15:42:34:42.884,0
D,403,56554714743306,1000000000,15:42:34:42.884,0
V,807,56554731407266,1000000000,15:42:34:43.884,0
V,808,56554748089772,1000000000,15:42:34:44.885,0
D,404,56554748089771,1000000000,15:42:34:44.885,0
V,809,56554764757341,1000000000,15:42:34:45.885,0
V,810,56554781415113,1000000000,15:42:34:46.884,0
D,405,56554781415113,1000000000,15:42:34:46.884,0
V,811,56554798082598,1000000000,15:42:34:47.884,0
V,812,56554814759936,1000000000,15:42:34:48.885,0
D,406,56554814759936,1000000000,15:42:34:48.885,0
V,813,56554831420272,1000000000,15:42:34:49.885,0
V,814,56554848091444,1000000000,15:42:34:50.885,0
D,407,56554848091444,1000000000,15:42:34:50.885,0
V,815,56554864759096,1000000000,15:42:34:51.885,0
V,816,56554881420517,1000000000,15:42:34:52.885,0
D,408,56554881420517,1000000000,15:42:34:52.885,0
V,817,56554898094853,1000000000,15:42:34:53.885,0
V,818,56554914764567,1000000000,15:42:34:54.885,0
D,409,56554914764567,1000000000,15:42:34:54.885,0
V,819,56554931432011,1000000000,15:42:34:55.885,0
V,820,56554948092182,1000000000,15:42:34:56.885,0
D,410,56554948092182,1000000000,15:42:34:56.885,0
V,821,56554964756517,1000000000,15:42:34:57.885,0
V,822,56554981428232,1000000000,15:42:34:58.885,0
D,411,56554981428232,1000000000,15:42:34:58.885,0
V,823,56554998095759,1000000000,15:42:34:59.885,0
V,824,56555014762989,1000000000,15:42:35:00.885,0
D,412,56555014762989,1000000000,15:42:35:00.885,0
V,825,56555031430350,1000000000,15:42:35:01.885,0
V,826,56555048093188,1000000000,15:42:35:02.885,0
D,413,56555048093188,1000000000,15:42:35:02.885,0
V,827,56555064766774,1000000000,15:42:35:03.886,0
V,828,56555081441445,1000000000,15:42:35:04.886,0
D,414,56555081441445,1000000000,15:42:35:04.886,0
V,829,56555098108973,1000000000,15:42:35:05.886,0
V,830,56555114766310,1000000000,15:42:35:06.885,0
D,415,56555114766309,1000000000,15:42:35:06.885,0
V,831,56555131445604,1000000000,15:42:35:07.886,0
V,832,56555148104652,1000000000,15:42:35:08.886,0
D,416,56555148104652,1000000000,15:42:35:08.886,0
V,833,56555164772138,1000000000,15:42:35:09.886,0
V,834,56555181429892,1000000000,15:42:35:10.885,0
D,417,56555181429892,1000000000,15:42:35:10.885,0
V,835,56555198113269,1000000000,15:42:35:11.886,0
V,836,56555214766232,1000000000,15:42:35:12.885,0
D,418,56555214766233,1000000000,15:42:35:12.885,0
V,837,56555231433717,1000000000,15:42:35:13.886,0
V,838,56555248103807,1000000000,15:42:35:14.886,0
D,419,56555248103807,1000000000,15:42:35:14.886,0
V,839,56555264776850,1000000000,15:42:35:15.886,0
V,840,56555281449147,1000000000,15:42:35:16.886,0
D,420,56555281449148,1000000000,15:42:35:16.886,0
V,841,56555298116633,1000000000,15:42:35:17.886,0
V,842,56555314790320,1000000000,15:42:35:18.887,0
D,421,56555314790320,1000000000,15:42:35:18.887,0
V,843,56555331457848,1000000000,15:42:35:19.887,0
V,844,56555348115187,1000000000,15:42:35:20.886,0
D,422,56555348115187,1000000000,15:42:35:20.886,0
V,845,56555364780690,1000000000,15:42:35:21.886,0
V,846,56555381441860,1000000000,15:42:35:22.886,0
D,423,56555381441861,1000000000,15:42:35:22.886,0
V,847,56555398109346,1000000000,15:42:35:23.886,0
V,848,56555414792768,1000000000,15:42:35:24.887,0
D,424,56555414792768,1000000000,15:42:35:24.887,0
V,849,56555431447898,1000000000,15:42:35:25.886,0
V,850,56555448112025,1000000000,15:42:35:26.886,0
D,425,56555448112026,1000000000,15:42:35:26.886,0
V,851,56555464779637,1000000000,15:42:35:27.886,0
V,852,56555481449057,1000000000,15:42:35:28.886,0
D,426,56555481449057,1000000000,15:42:35:28.886,0
V,853,56555498118644,1000000000,15:42:35:29.887,0
V,854,56555514795731,1000000000,15:42:35:30.887,0
D,427,56555514795731,1000000000,15:42:35:30.887,0
V,855,56555531463258,1000000000,15:42:35:31.887,0
V,856,56555548123013,1000000000,15:42:35:32.887,0
D,428,56555548123013,1000000000,15:42:35:32.887,0
V,857,56555564793101,1000000000,15:42:35:33.887,0
V,858,56555581451480,1000000000,15:42:35:34.887,0
D,429,56555581451479,1000000000,15:42:35:34.887,0
V,859,56555598125690,1000000000,15:42:35:35.887,0
V,860,56555614796654,1000000000,15:42:35:36.887,0
D,430,56555614796654,1000000000,15:42:35:36.887,0
V,861,56555631464306,1000000000,15:42:35:37.887,0
V,862,56555648125726,1000000000,15:42:35:38.887,0
D,431,56555648125727,1000000000,15:42:35:38.887,0
V,863,56555664793255,1000000000,15:42:35:39.887,0
V,864,56555681458484,1000000000,15:42:35:40.887,0
D,432,56555681458484,1000000000,15:42:35:40.887,0
V,865,56555698126096,1000000000,15:42:35:41.887,0
V,866,56555714795766,1000000000,15:42:35:42.887,0
D,433,56555714795766,1000000000,15:42:35:42.887,0
V,867,56555731463228,1000000000,15:42:35:43.887,0
V,868,56555748131857,1000000000,15:42:35:44.887,0
D,434,56555748131857,1000000000,15:42:35:44.887,0
V,869,56555764799343,1000000000,15:42:35:45.887,0
V,870,56555781470681,1000000000,15:42:35:46.888,0
D,435,56555781470681,1000000000,15:42:35:46.888,0
V,871,56555798137393,1000000000,15:42:35:47.888,0
V,872,56555814797522,1000000000,15:42:35:48.887,0
D,436,56555814797522,1000000000,15:42:35:48.887,0
V,873,56555831465174,1000000000,15:42:35:49.887,0
V,874,56555848143970,1000000000,15:42:35:50.888,0
D,437,56555848143969,1000000000,15:42:35:50.888,0
V,875,56555864819183,1000000000,15:42:35:51.889,0
V,876,56555881479937,1000000000,15:42:35:52.888,0
D,438,56555881479936,1000000000,15:42:35:52.888,0
V,877,56555898144024,1000000000,15:42:35:53.888,0
V,878,56555914819029,1000000000,15:42:35:54.889,0
D,439,56555914819029,1000000000,15:42:35:54.889,0
V,879,56555931486555,1000000000,15:42:35:55.889,0
V,880,56555948143017,1000000000,15:42:35:56.888,0
D,440,56555948143018,1000000000,15:42:35:56.888,0
V,881,56555964819312,1000000000,15:42:35:57.889,0
V,882,56555981486858,1000000000,15:42:35:58.889,0
D,441,56555981486858,1000000000,15:42:35:58.889,0
V,883,56555998154388,1000000000,15:42:35:59.889,0
V,884,56556014826515,1000000000,15:42:36:00.889,0
D,442,56556014826515,1000000000,15:42:36:00.889,0
V,885,56556031487477,1000000000,15:42:36:01.889,0
V,886,56556048144356,1000000000,15:42:36:02.888,0
D,443,56556048144356,1000000000,15:42:36:02.888,0
V,887,56556064811883,1000000000,15:42:36:03.888,0
V,888,56556081486514,1000000000,15:42:36:04.889,0
D,444,56556081486514,1000000000,15:42:36:04.889,0
V,889,56556098158850,1000000000,15:42:36:05.889,0
V,890,56556114820021,1000000000,15:42:36:06.889,0
D,445,56556114820021,1000000000,15:42:36:06.889,0
V,891,56556131487757,1000000000,15:42:36:07.889,0
V,892,56556148162594,1000000000,15:42:36:08.889,0
D,446,56556148162594,1000000000,15:42:36:08.889,0
V,893,56556164833723,1000000000,15:42:36:09.890,0
V,894,56556181495685,1000000000,15:42:36:10.889,0
D,447,56556181495684,1000000000,15:42:36:10.889,0
V,895,56556198163213,1000000000,15:42:36:11.889,0
V,896,56556214834235,1000000000,15:42:36:12.890,0
D,448,56556214834235,1000000000,15:42:36:12.890,0
V,897,56556231501804,1000000000,15:42:36:13.890,0
V,898,56556248166516,1000000000,15:42:36:14.889,0
D,449,56556248166516,1000000000,15:42:36:14.889,0
V,899,56556264834085,1000000000,15:42:36:15.890,0
V,900,56556281491399,1000000000,15:42:36:16.889,0
D,450,56556281491399,1000000000,15:42:36:16.889,0
V,901,56556298159052,1000000000,15:42:36:17.889,0
V,902,56556314833514,1000000000,15:42:36:18.890,0
D,451,56556314833514,1000000000,15:42:36:18.890,0
V,903,56556331498018,1000000000,15:42:36:19.889,0
V,904,56556348160063,1000000000,15:42:36:20.889,0
D,452,56556348160064,1000000000,15:42:36:20.889,0
V,905,56556364827591,1000000000,15:42:36:21.889,0
V,906,56556381501971,1000000000,15:42:36:22.890,0
D,453,56556381501971,1000000000,15:42:36:22.890,0
V,907,56556398167725,1000000000,15:42:36:23.890,0
V,908,56556414834228,1000000000,15:42:36:24.890,0
D,454,56556414834229,1000000000,15:42:36:24.890,0
V,909,56556431501149,1000000000,15:42:36:25.890,0
V,910,56556448177319,1000000000,15:42:36:26.890,0
D,455,56556448177319,1000000000,15:42:36:26.890,0
V,911,56556464844847,1000000000,15:42:36:27.890,0
V,912,56556481507310,1000000000,15:42:36:28.890,0
D,456,56556481507309,1000000000,15:42:36:28.890,0
V,913,56556498178355,1000000000,15:42:36:29.890,0
V,914,56556514849485,1000000000,15:42:36:30.890,0
D,457,56556514849485,1000000000,15:42:36:30.890,0
V,915,56556531517094,1000000000,15:42:36:31.891,0
V,916,56556548169556,1000000000,15:42:36:32.890,0
D,458,56556548169556,1000000000,15:42:36:32.890,0
V,917,56556564844603,1000000000,15:42:36:33.890,0
V,918,56556581514316,1000000000,15:42:36:34.890,0
D,459,56556581514316,1000000000,15:42:36:34.890,0
V,919,56556598181718,1000000000,15:42:36:35.890,0
V,920,56556614839097,1000000000,15:42:36:36.890,0
D,460,56556614839096,1000000000,15:42:36:36.890,0
V,921,56556631520058,1000000000,15:42:36:37.891,0
V,922,56556648183605,1000000000,15:42:36:38.891,0
D,461,56556648183605,1000000000,15:42:36:38.891,0
V,923,56556664851341,1000000000,15:42:36:39.891,0
V,924,56556681529470,1000000000,15:42:36:40.891,0
D,462,56556681529470,1000000000,15:42:36:40.891,0
V,925,56556698187098,1000000000,15:42:36:41.891,0
V,926,56556714847269,1000000000,15:42:36:42.890,0
D,463,56556714847269,1000000000,15:42:36:42.890,0
V,927,56556731515088,1000000000,15:42:36:43.890,0
V,928,56556748190800,1000000000,15:42:36:44.891,0
D,464,56556748190800,1000000000,15:42:36:44.891,0
V,929,56556764863220,1000000000,15:42:36:45.891,0
V,930,56556781514641,1000000000,15:42:36:46.890,0
D,465,56556781514642,1000000000,15:42:36:46.890,0
V,931,56556798183519,1000000000,15:42:36:47.891,0
V,932,56556814856982,1000000000,15:42:36:48.891,0
D,466,56556814856982,1000000000,15:42:36:48.891,0
V,933,56556831524551,1000000000,15:42:36:49.891,0
V,934,56556848202472,1000000000,15:42:36:50.892,0
D,467,56556848202473,1000000000,15:42:36:50.892,0
V,935,56556864863392,1000000000,15:42:36:51.891,0
V,936,56556881523855,1000000000,15:42:36:52.891,0
D,468,56556881523855,1000000000,15:42:36:52.891,0
V,937,56556898191341,1000000000,15:42:36:53.891,0
V,938,56556914859220,1000000000,15:42:36:54.891,0
D,469,56556914859220,1000000000,15:42:36:54.891,0
V,939,56556931536808,1000000000,15:42:36:55.892,0
V,940,56556948200644,1000000000,15:42:36:56.892,0
D,470,56556948200644,1000000000,15:42:36:56.892,0
V,941,56556964868131,1000000000,15:42:36:57.892,0
V,942,56556981537527,1000000000,15:42:36:58.892,0
D,471,56556981537527,1000000000,15:42:36:58.892,0
V,943,56556998205012,1000000000,15:42:36:59.892,0
V,944,56557014865558,1000000000,15:42:37:00.891,0
D,472,56557014865558,1000000000,15:42:37:00.891,0
V,945,56557031533481,1000000000,15:42:37:01.892,0
V,946,56557048205607,1000000000,15:42:37:02.892,0
D,473,56557048205608,1000000000,15:42:37:02.892,0
V,947,56557064873095,1000000000,15:42:37:03.892,0
V,948,56557081530681,1000000000,15:42:37:04.891,0
D,474,56557081530681,1000000000,15:42:37:04.891,0
V,949,56557098217893,1000000000,15:42:37:05.893,0
V,950,56557114874896,1000000000,15:42:37:06.892,0
D,475,56557114874897,1000000000,15:42:37:06.892,0
V,951,56557131542342,1000000000,15:42:37:07.892,0
V,952,56557148205554,1000000000,15:42:37:08.892,0
D,476,56557148205553,1000000000,15:42:37:08.892,0
V,953,56557164878518,1000000000,15:42:37:09.892,0
V,954,56557181549811,1000000000,15:42:37:10.892,0
D,477,56557181549812,1000000000,15:42:37:10.892,0
V,955,56557198217382,1000000000,15:42:37:11.893,0
V,956,56557214883842,1000000000,15:42:37:12.893,0
D,478,56557214883842,1000000000,15:42:37:12.893,0
V,957,56557231545348,1000000000,15:42:37:13.892,0
V,958,56557248205976,1000000000,15:42:37:14.892,0
D,479,56557248205976,1000000000,15:42:37:14.892,0
V,959,56557264873630,1000000000,15:42:37:15.892,0
V,960,56557281560524,1000000000,15:42:37:16.893,0
D,480,56557281560525,1000000000,15:42:37:16.893,0
V,961,56557298227972,1000000000,15:42:37:17.893,0
V,962,56557314888348,1000000000,15:42:37:18.893,0
D,481,56557314888348,1000000000,15:42:37:18.893,0
V,963,56557331546519,1000000000,15:42:37:19.892,0
V,964,56557348226107,1000000000,15:42:37:20.893,0
D,482,56557348226107,1000000000,15:42:37:20.893,0
V,965,56557364893718,1000000000,15:42:37:21.893,0
V,966,56557381559180,1000000000,15:42:37:22.893,0
D,483,56557381559181,1000000000,15:42:37:22.893,0
V,967,56557398226557,1000000000,15:42:37:23.893,0
V,968,56557414881228,1000000000,15:42:37:24.892,0
D,484,56557414881228,1000000000,15:42:37:24.892,0
V,969,56557431560148,1000000000,15:42:37:25.893,0
V,970,56557448233193,1000000000,15:42:37:26.893,0
D,485,56557448233193,1000000000,15:42:37:26.893,0
V,971,56557464900681,1000000000,15:42:37:27.894,0
V,972,56557481551475,1000000000,15:42:37:28.893,0
D,486,56557481551475,1000000000,15:42:37:28.893,0
V,973,56557498235561,1000000000,15:42:37:29.894,0
V,974,56557514902025,1000000000,15:42:37:30.894,0
D,487,56557514902024,1000000000,15:42:37:30.894,0
V,975,56557531569636,1000000000,15:42:37:31.894,0
V,976,56557548234099,1000000000,15:42:37:32.894,0
D,488,56557548234099,1000000000,15:42:37:32.894,0
V,977,56557564902976,1000000000,15:42:37:33.894,0
V,978,56557581558147,1000000000,15:42:37:34.893,0
D,489,56557581558147,1000000000,15:42:37:34.893,0
V,979,56557598225594,1000000000,15:42:37:35.893,0
V,980,56557614904764,1000000000,15:42:37:36.894,0
D,490,56557614904763,1000000000,15:42:37:36.894,0
V,981,56557631569559,1000000000,15:42:37:37.894,0
V,982,56557648246688,1000000000,15:42:37:38.894,0
D,491,56557648246687,1000000000,15:42:37:38.894,0
V,983,56557664914342,1000000000,15:42:37:39.894,0
V,984,56557681570552,1000000000,15:42:37:40.894,0
D,492,56557681563610,1000000000,15:42:37:40.893,0
V,985,56557698231140,1000000000,15:42:37:41.893,0
V,986,56557714912974,1000000000,15:42:37:42.894,0
D,493,56557714912975,1000000000,15:42:37:42.894,0
V,987,56557731583562,1000000000,15:42:37:43.895,0
V,988,56557748237357,1000000000,15:42:37:44.894,0
D,494,56557748237356,1000000000,15:42:37:44.894,0
V,989,56557764904803,1000000000,15:42:37:45.894,0
V,990,56557781578266,1000000000,15:42:37:46.894,0
D,495,56557781578265,1000000000,15:42:37:46.894,0
V,991,56557798246352,1000000000,15:42:37:47.894,0
V,992,56557814904395,1000000000,15:42:37:48.894,0
D,496,56557814904396,1000000000,15:42:37:48.894,0
V,993,56557831571927,1000000000,15:42:37:49.894,0
V,994,56557848244430,1000000000,15:42:37:50.894,0
D,497,56557848244429,1000000000,15:42:37:50.894,0
V,995,56557864916475,1000000000,15:42:37:51.894,0
V,996,56557881575311,1000000000,15:42:37:52.894,0
D,498,56557881575310,1000000000,15:42:37:52.894,0
V,997,56557898242882,1000000000,15:42:37:53.894,0
V,998,56557914915802,1000000000,15:42:37:54.894,0
D,499,56557914915803,1000000000,15:42:37:54.894,0
V,999,56557931582849,1000000000,15:42:37:55.894,0
V,1000,56557948258310,1000000000,15:42:37:56.895,0
D,500,56557948258310,1000000000,15:42:37:56.895,0
V,1001,56557964925798,1000000000,15:42:37:57.895,0
V,1002,56557981580399,1000000000,15:42:37:58.894,0
D,501,56557981580399,1000000000,15:42:37:58.894,0
V,1003,56557998248096,1000000000,15:42:37:59.894,0
V,1004,56558014932141,1000000000,15:42:38:00.895,0
D,502,56558014932141,1000000000,15:42:38:00.895,0
V,1005,56558031597893,1000000000,15:42:38:01.895,0
V,1006,56558048254229,1000000000,15:42:38:02.895,0
D,503,56558048254229,1000000000,15:42:38:02.895,0
V,1007,56558064921761,1000000000,15:42:38:03.895,0
V,1008,56558081582346,1000000000,15:42:38:04.894,0
D,504,56558081582345,1000000000,15:42:38:04.894,0
V,1009,56558098266182,1000000000,15:42:38:05.895,0
V,1010,56558114919144,1000000000,15:42:38:06.895,0
D,505,56558114919144,1000000000,15:42:38:06.895,0
V,1011,56558131586716,1000000000,15:42:38:07.895,0
V,1012,56558148256637,1000000000,15:42:38:08.895,0
D,506,56558148256636,1000000000,15:42:38:08.895,0
V,1013,56558164931137,1000000000,15:42:38:09.895,0
V,1014,56558181606475,1000000000,15:42:38:10.896,0
D,507,56558181606475,1000000000,15:42:38:10.896,0
V,1015,56558198274049,1000000000,15:42:38:11.896,0
V,1016,56558214935843,1000000000,15:42:38:12.896,0
D,508,56558214935843,1000000000,15:42:38:12.896,0
V,1017,56558231609386,1000000000,15:42:38:13.896,0
V,1018,56558248277516,1000000000,15:42:38:14.896,0
D,509,56558248277516,1000000000,15:42:38:14.896,0
V,1019,56558264945213,1000000000,15:42:38:15.896,0
V,1020,56558281601854,1000000000,15:42:38:16.896,0
D,510,56558281601855,1000000000,15:42:38:16.896,0
V,1021,56558298269344,1000000000,15:42:38:17.896,0
V,1022,56558314943638,1000000000,15:42:38:18.896,0
D,511,56558314943639,1000000000,15:42:38:18.896,0
V,1023,56558331608850,1000000000,15:42:38:19.896,0
V,1024,56558348279769,1000000000,15:42:38:20.896,0
D,512,56558348279769,1000000000,15:42:38:20.896,0
V,1025,56558364947218,1000000000,15:42:38:21.896,0
V,1026,56558381616886,1000000000,15:42:38:22.897,0
D,513,56558381616886,1000000000,15:42:38:22.897,0
V,1027,56558398281473,1000000000,15:42:38:23.896,0
V,1028,56558414952392,1000000000,15:42:38:24.897,0
D,514,56558414952392,1000000000,15:42:38:24.897,0
V,1029,56558431619965,1000000000,15:42:38:25.897,0
V,1030,56558448278343,1000000000,15:42:38:26.896,0
D,515,56558448278343,1000000000,15:42:38:26.896,0
V,1031,56558464947429,1000000000,15:42:38:27.896,0
V,1032,56558481617432,1000000000,15:42:38:28.897,0
D,516,56558481617432,1000000000,15:42:38:28.897,0
V,1033,56558498280936,1000000000,15:42:38:29.896,0
V,1034,56558514938354,1000000000,15:42:38:30.896,0
D,517,56558514938355,1000000000,15:42:38:30.896,0
V,1035,56558531605844,1000000000,15:42:38:31.896,0
V,1036,56558548293639,1000000000,15:42:38:32.897,0
D,518,56558548293639,1000000000,15:42:38:32.897,0
V,1037,56558564948153,1000000000,15:42:38:33.896,0
V,1038,56558581615645,1000000000,15:42:38:34.896,0
D,519,56558581615644,1000000000,15:42:38:34.896,0
V,1039,56558598283217,1000000000,15:42:38:35.896,0
V,1040,56558614962887,1000000000,15:42:38:36.897,0
D,520,56558614962887,1000000000,15:42:38:36.897,0
V,1041,56558631611515,1000000000,15:42:38:37.896,0
V,1042,56558648284184,1000000000,15:42:38:38.897,0
D,521,56558648284184,1000000000,15:42:38:38.897,0
V,1043,56558664951591,1000000000,15:42:38:39.897,0
V,1044,56558681627928,1000000000,15:42:38:40.897,0
D,522,56558681627927,1000000000,15:42:38:40.897,0
V,1045,56558698296264,1000000000,15:42:38:41.897,0
V,1046,56558714952143,1000000000,15:42:38:42.897,0
D,523,56558714952143,1000000000,15:42:38:42.897,0
V,1047,56558731619631,1000000000,15:42:38:43.897,0
V,1048,56558748300968,1000000000,15:42:38:44.898,0
D,524,56558748300968,1000000000,15:42:38:44.898,0
V,1049,56558764963513,1000000000,15:42:38:45.897,0
V,1050,56558781625641,1000000000,15:42:38:46.897,0
D,525,56558781625640,1000000000,15:42:38:46.897,0
V,1051,56558798293131,1000000000,15:42:38:47.897,0
V,1052,56558814955481,1000000000,15:42:38:48.897,0
D,526,56558814955481,1000000000,15:42:38:48.897,0
V,1053,56558831623220,1000000000,15:42:38:49.897,0
V,1054,56558848289473,1000000000,15:42:38:50.897,0
D,527,56558848289472,1000000000,15:42:38:50.897,0
V,1055,56558864971724,1000000000,15:42:38:51.898,0
V,1056,56558881629812,1000000000,15:42:38:52.897,0
D,528,56558881629812,1000000000,15:42:38:52.897,0
V,1057,56558898297344,1000000000,15:42:38:53.897,0
V,1058,56558914964970,1000000000,15:42:38:54.897,0
D,529,56558914964970,1000000000,15:42:38:54.897,0
V,1059,56558931639932,1000000000,15:42:38:55.898,0
V,1060,56558948296310,1000000000,15:42:38:56.897,0
D,530,56558948296310,1000000000,15:42:38:56.897,0
V,1061,56558964963800,1000000000,15:42:38:57.897,0
V,1062,56558981638594,1000000000,15:42:38:58.898,0
D,531,56558981638595,1000000000,15:42:38:58.898,0
V,1063,56558998309138,1000000000,15:42:38:59.898,0
V,1064,56559014968892,1000000000,15:42:39:00.898,0
D,532,56559014968891,1000000000,15:42:39:00.898,0
V,1065,56559031646269,1000000000,15:42:39:01.898,0
V,1066,56559048300107,1000000000,15:42:39:02.898,0
D,533,56559048300108,1000000000,15:42:39:02.898,0
V,1067,56559064967596,1000000000,15:42:39:03.898,0
V,1068,56559081638017,1000000000,15:42:39:04.898,0
D,534,56559081638017,1000000000,15:42:39:04.898,0
V,1069,56559098315936,1000000000,15:42:39:05.898,0
V,1070,56559114975854,1000000000,15:42:39:06.898,0
D,535,56559114975854,1000000000,15:42:39:06.898,0
V,1071,56559131643426,1000000000,15:42:39:07.898,0
V,1072,56559148325431,1000000000,15:42:39:08.899,0
D,536,56559148325431,1000000000,15:42:39:08.899,0
V,1073,56559164984767,1000000000,15:42:39:09.899,0
V,1074,56559181645062,1000000000,15:42:39:10.898,0
D,537,56559181645062,1000000000,15:42:39:10.898,0
V,1075,56559198312676,1000000000,15:42:39:11.898,0
V,1076,56559214976930,1000000000,15:42:39:12.898,0
D,538,56559214976930,1000000000,15:42:39:12.898,0
V,1077,56559231652850,1000000000,15:42:39:13.899,0
V,1078,56559248329393,1000000000,15:42:39:14.899,0
D,539,56559248329392,1000000000,15:42:39:14.899,0
V,1079,56559264996841,1000000000,15:42:39:15.899,0
V,1080,56559281658510,1000000000,15:42:39:16.899,0
D,540,56559281658510,1000000000,15:42:39:16.899,0
V,1081,56559298328138,1000000000,15:42:39:17.899,0
V,1082,56559314996143,1000000000,15:42:39:18.899,0
D,541,56559314996143,1000000000,15:42:39:18.899,0
V,1083,56559331663630,1000000000,15:42:39:19.899,0
V,1084,56559348318483,1000000000,15:42:39:20.899,0
D,542,56559348318482,1000000000,15:42:39:20.899,0
V,1085,56559364986053,1000000000,15:42:39:21.899,0
V,1086,56559381663142,1000000000,15:42:39:22.899,0
D,543,56559381663143,1000000000,15:42:39:22.899,0
V,1087,56559398335021,1000000000,15:42:39:23.900,0
V,1088,56559415004983,1000000000,15:42:39:24.900,0
D,544,56559415004983,1000000000,15:42:39:24.900,0
V,1089,56559431672594,1000000000,15:42:39:25.900,0
V,1090,56559448322098,1000000000,15:42:39:26.899,0
D,545,56559448322098,1000000000,15:42:39:26.899,0
V,1091,56559465006852,1000000000,15:42:39:27.900,0
V,1092,56559481669815,1000000000,15:42:39:28.900,0
D,546,56559481669815,1000000000,15:42:39:28.900,0
V,1093,56559498337259,1000000000,15:42:39:29.900,0
V,1094,56559514998846,1000000000,15:42:39:30.899,0
D,547,56559514998846,1000000000,15:42:39:30.899,0
V,1095,56559531661100,1000000000,15:42:39:31.899,0
V,1096,56559548344562,1000000000,15:42:39:32.900,0
D,548,56559548344563,1000000000,15:42:39:32.900,0
V,1097,56559565012132,1000000000,15:42:39:33.900,0
V,1098,56559581670820,1000000000,15:42:39:34.900,0
D,549,56559581670820,1000000000,15:42:39:34.900,0
V,1099,56559598338223,1000000000,15:42:39:35.900,0
V,1100,56559614997643,1000000000,15:42:39:36.899,0
D,550,56559614997643,1000000000,15:42:39:36.899,0
V,1101,56559631664647,1000000000,15:42:39:37.899,0
V,1102,56559648344026,1000000000,15:42:39:38.900,0
D,551,56559648344026,1000000000,15:42:39:38.900,0
V,1103,56559665011680,1000000000,15:42:39:39.900,0
V,1104,56559681674267,1000000000,15:42:39:40.900,0
D,552,56559681674267,1000000000,15:42:39:40.900,0
V,1105,56559698338147,1000000000,15:42:39:41.900,0
V,1106,56559715001861,1000000000,15:42:39:42.900,0
D,553,56559715001861,1000000000,15:42:39:42.900,0
V,1107,56559731669346,1000000000,15:42:39:43.900,0
V,1108,56559748355806,1000000000,15:42:39:44.901,0
D,554,56559748355806,1000000000,15:42:39:44.901,0
V,1109,56559765012145,1000000000,15:42:39:45.900,0
V,1110,56559781688565,1000000000,15:42:39:46.901,0
D,555,56559781688565,1000000000,15:42:39:46.901,0
V,1111,56559798355968,1000000000,15:42:39:47.901,0
V,1112,56559815008513,1000000000,15:42:39:48.900,0
D,556,56559815008513,1000000000,15:42:39:48.900,0
V,1113,56559831680435,1000000000,15:42:39:49.900,0
V,1114,56559848350980,1000000000,15:42:39:50.901,0
D,557,56559848350980,1000000000,15:42:39:50.901,0
V,1115,56559865017276,1000000000,15:42:39:51.901,0
V,1116,56559881686989,1000000000,15:42:39:52.901,0
D,558,56559881686989,1000000000,15:42:39:52.901,0
V,1117,56559898354432,1000000000,15:42:39:53.901,0
V,1118,56559915012561,1000000000,15:42:39:54.900,0
D,559,56559915012561,1000000000,15:42:39:54.900,0
V,1119,56559931688731,1000000000,15:42:39:55.901,0
V,1120,56559948355361,1000000000,15:42:39:56.901,0
D,560,56559948355360,1000000000,15:42:39:56.901,0
V,1121,56559965022721,1000000000,15:42:39:57.901,0
V,1122,56559981683684,1000000000,15:42:39:58.901,0
D,561,56559981683683,1000000000,15:42:39:58.901,0
V,1123,56559998355771,1000000000,15:42:39:59.901,0
V,1124,56560015020191,1000000000,15:42:40:00.901,0
D,562,56560015020191,1000000000,15:42:40:00.901,0
V,1125,56560031687677,1000000000,15:42:40:01.901,0
V,1126,56560048358225,1000000000,15:42:40:02.901,0
D,563,56560048358225,1000000000,15:42:40:02.901,0
V,1127,56560065033728,1000000000,15:42:40:03.902,0
V,1128,56560081702733,1000000000,15:42:40:04.902,0
D,564,56560081702733,1000000000,15:42:40:04.902,0
V,1129,56560098361072,1000000000,15:42:40:05.901,0
V,1130,56560115023742,1000000000,15:42:40:06.901,0
D,565,56560115023742,1000000000,15:42:40:06.901,0
V,1131,56560131691353,1000000000,15:42:40:07.901,0
V,1132,56560148368397,1000000000,15:42:40:08.902,0
D,566,56560148368398,1000000000,15:42:40:08.902,0
V,1133,56560165031360,1000000000,15:42:40:09.901,0
V,1134,56560181692531,1000000000,15:42:40:10.901,0
D,567,56560181692531,1000000000,15:42:40:10.901,0
V,1135,56560198360098,1000000000,15:42:40:11.901,0
V,1136,56560215029437,1000000000,15:42:40:12.901,0
D,568,56560215029438,1000000000,15:42:40:12.901,0
V,1137,56560231696275,1000000000,15:42:40:13.901,0
V,1138,56560248371029,1000000000,15:42:40:14.902,0
D,569,56560248371028,1000000000,15:42:40:14.902,0
V,1139,56560265038680,1000000000,15:42:40:15.902,0
V,1140,56560281711018,1000000000,15:42:40:16.902,0
D,570,56560281711018,1000000000,15:42:40:16.902,0
V,1141,56560298378230,1000000000,15:42:40:17.902,0
V,1142,56560315033401,1000000000,15:42:40:18.902,0
D,571,56560315033401,1000000000,15:42:40:18.902,0
V,1143,56560331701052,1000000000,15:42:40:19.902,0
V,1144,56560348378890,1000000000,15:42:40:20.902,0
D,572,56560348378890,1000000000,15:42:40:20.902,0
V,1145,56560365044105,1000000000,15:42:40:21.902,0
V,1146,56560381721692,1000000000,15:42:40:22.903,0
D,573,56560381721692,1000000000,15:42:40:22.903,0
V,1147,56560398389156,1000000000,15:42:40:23.903,0
V,1148,56560415047952,1000000000,15:42:40:24.902,0
D,574,56560415047952,1000000000,15:42:40:24.902,0
V,1149,56560431715518,1000000000,15:42:40:25.902,0
V,1150,56560448390647,1000000000,15:42:40:26.903,0
D,575,56560448390648,1000000000,15:42:40:26.903,0
V,1151,56560465042027,1000000000,15:42:40:27.902,0
V,1152,56560481710533,1000000000,15:42:40:28.902,0
D,576,56560481710533,1000000000,15:42:40:28.902,0
V,1153,56560498378056,1000000000,15:42:40:29.902,0
V,1154,56560515051521,1000000000,15:42:40:30.903,0
D,577,56560515051520,1000000000,15:42:40:30.903,0
V,1155,56560531711483,1000000000,15:42:40:31.902,0
V,1156,56560548388281,1000000000,15:42:40:32.903,0
D,578,56560548388280,1000000000,15:42:40:32.903,0
V,1157,56560565055762,1000000000,15:42:40:33.903,0
V,1158,56560581719643,1000000000,15:42:40:34.903,0
D,579,56560581719642,1000000000,15:42:40:34.903,0
V,1159,56560598387480,1000000000,15:42:40:35.903,0
V,1160,56560615059903,1000000000,15:42:40:36.903,0
D,580,56560615059903,1000000000,15:42:40:36.903,0
V,1161,56560631724532,1000000000,15:42:40:37.903,0
V,1162,56560648397288,1000000000,15:42:40:38.903,0
D,581,56560648397289,1000000000,15:42:40:38.903,0
V,1163,56560665064895,1000000000,15:42:40:39.903,0
V,1164,56560681729900,1000000000,15:42:40:40.903,0
D,582,56560681729900,1000000000,15:42:40:40.903,0
V,1165,56560698397449,1000000000,15:42:40:41.903,0
V,1166,56560715066705,1000000000,15:42:40:42.904,0
D,583,56560715066706,1000000000,15:42:40:42.904,0
V,1167,56560731734185,1000000000,15:42:40:43.904,0
V,1168,56560748405273,1000000000,15:42:40:44.904,0
D,584,56560748405273,1000000000,15:42:40:44.904,0
V,1169,56560765066947,1000000000,15:42:40:45.904,0
V,1170,56560781737242,1000000000,15:42:40:46.904,0
D,585,56560781737243,1000000000,15:42:40:46.904,0
V,1171,56560798404806,1000000000,15:42:40:47.904,0
V,1172,56560815065521,1000000000,15:42:40:48.903,0
D,586,56560815065521,1000000000,15:42:40:48.903,0
V,1173,56560831743277,1000000000,15:42:40:49.904,0
V,1174,56560848406990,1000000000,15:42:40:50.904,0
D,587,56560848406990,1000000000,15:42:40:50.904,0
V,1175,56560865074513,1000000000,15:42:40:51.904,0
V,1176,56560881734184,1000000000,15:42:40:52.904,0
D,588,56560881734184,1000000000,15:42:40:52.904,0
V,1177,56560898408816,1000000000,15:42:40:53.904,0
